100003363030,57,59,premium unleaded (recommended),3,natrually aspirated,430,6946,6897,20.83
100007650030,85,90,premium unleaded (recommended),3,natrually aspirated,627,7029,6710,20.01
100009030030,86,105,premium unleaded (recommended),3,natrually aspirated,634,6835,5857,19.99
100014994030,102,147,premium unleaded (recommended),3,natrually aspirated,743,6087,4939,19.56
100011664030,108,108,premium unleaded (recommended),3,natrually aspirated,784,7198,7109,19.4
100026796061,154,174,premium unleaded (recommended),6,single turbo,1030,6942,6004,21.48
100027750030,150,185,premium unleaded (recommended),3,natrually aspirated,1056,7009,5777,18.4
100027547061,169,163,premium unleaded (recommended),6,single turbo,1119,7383,7027,21.12
100039840030,166,240,premium unleaded (recommended),3,natrually aspirated,1156,6299,4922,18.06
100048462061,197,246,premium unleaded (recommended),6,single turbo,1279,6784,5450,20.48
100049692040,202,246,premium unleaded (recommended),4,natrually aspirated,1372,6687,5838,17.16
100061771040,223,277,premium unleaded (recommended),4,natrually aspirated,1494,7148,5724,16.78
100058017040,233,249,premium unleaded (recommended),4,natrually aspirated,1550,7222,6653,16.61
100060984061,252,242,premium unleaded (recommended),6,single turbo,1577,7390,7055,19.38
100063666040,243,262,premium unleaded (recommended),4,natrually aspirated,1606,7413,6606,16.44
100075278061,266,283,premium unleaded (recommended),6,single turbo,1649,7027,6365,19.12
100096996061,274,354,premium unleaded (recommended),6,single turbo,1690,6438,5244,18.98
100083232040,289,288,premium unleaded (recommended),4,natrually aspirated,1854,7230,7147,15.72
100086856081,308,282,premium unleaded (recommended),8,single turbo,1859,7788,7398,18.02
100113803081,317,359,premium unleaded (recommended),8,single turbo,1902,7427,5984,17.87
100128000081,320,400,premium unleaded (recommended),8,single turbo,1917,6534,5428,17.82
100105876040,306,346,premium unleaded (recommended),4,natrually aspirated,1942,7280,6304,15.48
100116232081,348,334,premium unleaded (recommended),8,single turbo,2048,7574,7059,17.42
100115254050,342,337,premium unleaded (recommended),5,natrually aspirated,2122,7355,7221,14.85
100137577081,363,379,premium unleaded (recommended),8,single turbo,2117,6778,6495,17.19
100147825081,365,405,premium unleaded (recommended),8,single turbo,2126,7038,6112,17.17
100135423081,369,367,premium unleaded (recommended),8,single turbo,2144,7256,6816,17.12
100157437050,357,441,premium unleaded (recommended),5,natrually aspirated,2194,6119,5763,14.66
100163345050,359,455,premium unleaded (recommended),5,natrually aspirated,2204,6474,5614,14.64
100161784081,378,428,premium unleaded (recommended),8,single turbo,2184,6531,5988,17
100137856081,384,359,premium unleaded (recommended),8,single turbo,2211,7805,7261,16.91
100190320050,390,488,premium unleaded (recommended),5,natrually aspirated,2349,6493,5695,14.28
100189060050,411,460,premium unleaded (recommended),5,natrually aspirated,2445,7495,6362,14.05
100231693050,413,561,premium unleaded (recommended),5,natrually aspirated,2454,6013,5241,14.02
100168468050,417,404,premium unleaded (recommended),5,natrually aspirated,2472,7369,7345,13.98
100185180082,470,394,premium unleaded (recommended),8,bi-turbo,2456,8202,7725,16.13
100211560050,430,492,premium unleaded (recommended),5,natrually aspirated,2529,6888,6225,13.85
100228284050,434,526,premium unleaded (recommended),5,natrually aspirated,2547,6092,5879,13.81
100267802081,457,586,premium unleaded (recommended),8,single turbo,2520,6427,5282,16.03
100221364081,468,473,premium unleaded (recommended),8,single turbo,2565,7345,6717,15.9
100256854081,481,534,premium unleaded (recommended),8,single turbo,2616,7195,6111,15.77
100327168101,512,639,premium unleaded (recommended),10,single turbo,2736,6313,5439,15.11
100256035060,507,505,premium unleaded (recommended),6,natrually aspirated,2853,7490,7155,12.98
100352716101,546,646,premium unleaded (recommended),10,single turbo,2863,6670,5736,14.79
100353850060,525,674,premium unleaded (recommended),6,natrually aspirated,2925,6545,5543,12.83
100355656102,584,609,premium unleaded (recommended),10,bi-turbo,2864,6795,6208,14.69
100361760060,532,680,premium unleaded (recommended),6,natrually aspirated,2952,6869,5570,12.77
100314696101,566,556,premium unleaded (recommended),10,single turbo,2936,6908,6900,14.61
100382122102,598,639,premium unleaded (recommended),10,bi-turbo,2910,7174,6059,14.57
100350846101,578,607,premium unleaded (recommended),10,single turbo,2979,7413,6451,14.51
100361620102,615,588,premium unleaded (recommended),10,bi-turbo,2966,6875,6769,14.43
100350000060,560,625,premium unleaded (recommended),6,natrually aspirated,3060,6955,6385,12.55
100458802101,639,718,premium unleaded (recommended),10,single turbo,3188,7122,6040,14.01
100389725101,655,595,premium unleaded (recommended),10,single turbo,3241,7875,7463,13.89
100401710102,695,578,premium unleaded (recommended),10,bi-turbo,3215,7930,7785,13.83
100465624101,669,696,premium unleaded (recommended),10,single turbo,3286,7611,6521,13.79
100448578102,702,639,premium unleaded (recommended),10,bi-turbo,3236,7976,7113,13.78
100539148102,716,753,premium unleaded (recommended),10,bi-turbo,3277,7257,6154,13.68
100546272101,688,794,premium unleaded (recommended),10,single turbo,3346,6939,5871,13.65
100609756102,732,833,premium unleaded (recommended),10,bi-turbo,3324,6821,5686,13.58
100547242080,669,818,premium unleaded (recommended),8,natrually aspirated,3450,7245,5827,11.54
100540672101,704,768,premium unleaded (recommended),10,single turbo,3397,7197,6216,13.54
100513413102,743,691,premium unleaded (recommended),10,bi-turbo,3355,7744,6951,13.51
100534040080,676,790,premium unleaded (recommended),8,natrually aspirated,3474,6451,6091,11.5
100488901102,751,651,premium unleaded (recommended),10,bi-turbo,3378,8142,7472,13.45
100561564080,684,821,premium unleaded (recommended),8,natrually aspirated,3501,6893,5934,11.45
100467852080,686,682,premium unleaded (recommended),8,natrually aspirated,3507,7366,7159,11.44
100510720102,760,672,premium unleaded (recommended),10,bi-turbo,3403,7565,7324,13.39
100494080102,772,640,premium unleaded (recommended),10,bi-turbo,3437,8250,7808,13.32
100710655102,803,885,premium unleaded (recommended),10,bi-turbo,3521,6702,5876,13.13
100821018080,737,1114,premium unleaded (recommended),8,natrually aspirated,3672,6165,4711,11.14
100616326080,739,834,premium unleaded (recommended),8,natrually aspirated,3678,7441,6312,11.13
100603704121,782,772,premium unleaded (recommended),12,single turbo,3629,7848,6872,12.74
100719328080,762,944,premium unleaded (recommended),8,natrually aspirated,3750,6377,5749,11.01
100595140080,763,780,premium unleaded (recommended),8,natrually aspirated,3753,7351,6965,11.01
100664020080,765,868,premium unleaded (recommended),8,natrually aspirated,3759,6770,6274,10.99
100624384080,768,813,premium unleaded (recommended),8,natrually aspirated,3768,7356,6724,10.98
100581671121,809,719,premium unleaded (recommended),12,single turbo,3706,7635,7622,12.59
100685260121,810,846,premium unleaded (recommended),12,single turbo,3709,7365,6489,12.59
100586986121,813,722,premium unleaded (recommended),12,single turbo,3717,7681,7633,12.57
100724740103,940,771,premium unleaded (recommended),10,twin turbo,3699,7672,7543,12.6
100773720122,920,841,premium unleaded (recommended),12,bi-turbo,3819,8217,7076,12.22
100898448123,964,932,premium unleaded (recommended),12,twin turbo,3752,7200,6401,12.21
100913095122,927,985,premium unleaded (recommended),12,bi-turbo,3836,7082,6097,12.18
100868476080,844,1029,premium unleaded (recommended),8,natrually aspirated,3992,6090,5841,10.61
100723344080,848,853,premium unleaded (recommended),8,natrually aspirated,4004,7223,7077,10.59
101000404122,942,1062,premium unleaded (recommended),12,bi-turbo,3871,7205,5741,12.11
100974652080,861,1132,premium unleaded (recommended),8,natrually aspirated,4040,6038,5417,10.53
100933303121,907,1029,premium unleaded (recommended),12,single turbo,3968,7112,5978,12.07
101090765080,865,1261,premium unleaded (recommended),8,natrually aspirated,4052,6214,4884,10.51
101087660121,914,1190,premium unleaded (recommended),12,single turbo,3986,6516,5208,12.04
100918720122,960,957,premium unleaded (recommended),12,bi-turbo,3914,7484,6494,12.02
100761254080,874,871,premium unleaded (recommended),8,natrually aspirated,4076,7251,7146,10.47
101096046122,991,1106,premium unleaded (recommended),12,bi-turbo,3985,7002,5800,11.89
101030336121,947,1088,premium unleaded (recommended),12,single turbo,4068,6740,5903,11.88
100822352122,998,824,premium unleaded (recommended),12,bi-turbo,4000,8031,7842,11.86
101255824100,918,1368,premium unleaded (recommended),10,natrually aspirated,4196,6238,4778,10.06
100899157121,987,911,premium unleaded (recommended),12,single turbo,4165,7587,7349,11.7
101182180100,969,1220,premium unleaded (recommended),10,natrually aspirated,4328,6850,5655,9.86
101139242123,1118,1019,premium unleaded (recommended),12,twin turbo,4071,7895,6790,11.56
101116408121,1028,1086,premium unleaded (recommended),12,single turbo,4260,6785,6418,11.53
101016418122,1079,942,premium unleaded (recommended),12,bi-turbo,4176,8108,7419,11.52
101075060122,1097,980,premium unleaded (recommended),12,bi-turbo,4213,7616,7244,11.45
101224300121,1050,1166,premium unleaded (recommended),12,single turbo,4310,6535,6106,11.43
101168382122,1117,1046,premium unleaded (recommended),12,bi-turbo,4254,7835,6911,11.37
101307840121,1072,1220,premium unleaded (recommended),12,single turbo,4359,6327,5957,11.35
101103278100,1034,1067,premium unleaded (recommended),10,natrually aspirated,4488,7146,6899,9.62
101462482161,1113,1314,premium unleaded (recommended),16,single turbo,4448,7116,5743,10.68
101331939100,1063,1253,premium unleaded (recommended),10,natrually aspirated,4556,7277,6043,9.53
101615432123,1274,1268,premium unleaded (recommended),12,twin turbo,4355,6985,6223,11.01
101674270161,1170,1431,premium unleaded (recommended),16,single turbo,4567,6799,5543,10.49
101524780123,1290,1182,premium unleaded (recommended),12,twin turbo,4382,8041,6758,10.96
101393578161,1179,1182,premium unleaded (recommended),16,single turbo,4585,7147,6766,10.46
101404590100,1130,1243,premium unleaded (recommended),10,natrually aspirated,4708,6540,6474,9.31
101678232100,1159,1448,premium unleaded (recommended),10,natrually aspirated,4772,6389,5698,9.23
101937950161,1225,1582,premium unleaded (recommended),16,single turbo,4676,6488,5252,10.31
101547680123,1360,1138,premium unleaded (recommended),12,twin turbo,4497,8171,7400,10.75
101701540123,1370,1242,premium unleaded (recommended),12,twin turbo,4513,7622,6828,10.72
101462618120,1193,1226,premium unleaded (recommended),12,natrually aspirated,4844,7431,6929,8.93
101467934162,1313,1118,premium unleaded (recommended),16,bi-turbo,4621,8225,7605,10.22
101795200162,1320,1360,premium unleaded (recommended),16,bi-turbo,4633,7017,6285,10.2
101784214161,1269,1406,premium unleaded (recommended),16,single turbo,4760,6947,6125,10.18
101494368163,1394,1072,premium unleaded (recommended),16,twin turbo,4550,8112,8047,10.17
101844752161,1274,1448,premium unleaded (recommended),16,single turbo,4769,7356,5966,10.16
101727704161,1276,1354,premium unleaded (recommended),16,single turbo,4773,7441,6391,10.16
101804560120,1236,1460,premium unleaded (recommended),12,natrually aspirated,4932,7153,6027,8.81
101887795162,1365,1383,premium unleaded (recommended),16,bi-turbo,4709,7570,6388,10.08
101796454120,1266,1419,premium unleaded (recommended),12,natrually aspirated,4992,6867,6354,8.73
101906377161,1353,1409,premium unleaded (recommended),16,single turbo,4913,7597,6513,9.94
101941092120,1301,1492,premium unleaded (recommended),12,natrually aspirated,5060,6760,6208,8.65
102514900163,1515,1660,premium unleaded (recommended),16,twin turbo,4730,6902,5648,9.86
102235636120,1326,1686,premium unleaded (recommended),12,natrually aspirated,5108,6531,5601,8.59
102087214161,1398,1493,premium unleaded (recommended),16,single turbo,4990,7772,6350,9.82
102269360162,1493,1520,premium unleaded (recommended),16,bi-turbo,4912,7464,6358,9.76
102226189163,1589,1401,premium unleaded (recommended),16,twin turbo,4833,8135,7023,9.69
102331585162,1539,1515,premium unleaded (recommended),16,bi-turbo,4981,6883,6575,9.65
102319140163,1615,1436,premium unleaded (recommended),16,twin turbo,4868,7889,6964,9.64
102227680162,1547,1440,premium unleaded (recommended),16,bi-turbo,4992,7775,6953,9.63
102501409161,1481,1689,premium unleaded (recommended),16,single turbo,5127,6923,5946,9.62
102402451162,1557,1543,premium unleaded (recommended),16,bi-turbo,5007,6807,6532,9.61
102486496160,1416,1756,premium unleaded (recommended),16,natrually aspirated,5272,7057,5743,8
102202921160,1437,1533,premium unleaded (recommended),16,natrually aspirated,5308,7105,6674,7.96
102153094160,1446,1489,premium unleaded (recommended),16,natrually aspirated,5324,7283,6913,7.94
102747250163,1665,1650,premium unleaded (recommended),16,twin turbo,4933,7131,6250,9.53
102715102162,1599,1698,premium unleaded (recommended),16,bi-turbo,5067,7213,6096,9.52
102128617160,1467,1451,premium unleaded (recommended),16,natrually aspirated,5360,7349,7200,7.9
102481141163,1689,1469,premium unleaded (recommended),16,twin turbo,4963,7189,7120,9.48
102650320162,1620,1636,premium unleaded (recommended),16,bi-turbo,5096,7466,6412,9.47
102783196160,1482,1878,premium unleaded (recommended),16,natrually aspirated,5385,6608,5619,7.87
102367312164,1788,1324,premium unleaded (recommended),16,quad turbo,4872,8243,8016,9.43
200006106030,71,86,regular unleaded,3,natrually aspirated,529,6421,5907,20.21
200007347030,79,93,regular unleaded,3,natrually aspirated,586,6695,6025,19.98
200007857030,81,97,regular unleaded,3,natrually aspirated,600,7081,5920,19.93
200013268030,107,124,regular unleaded,3,natrually aspirated,777,6922,6158,19.24
200019591030,137,143,regular unleaded,3,natrually aspirated,974,7366,6842,18.51
200025102061,154,163,regular unleaded,6,single turbo,1030,7454,6423,21.26
200032899030,167,197,regular unleaded,3,natrually aspirated,1162,6933,6030,17.86
200035659030,169,211,regular unleaded,3,natrually aspirated,1174,6061,5714,17.82
200034944061,182,192,regular unleaded,6,single turbo,1194,7377,6428,20.62
200048600061,200,243,regular unleaded,6,single turbo,1296,6813,5574,20.23
200048380061,205,236,regular unleaded,6,single turbo,1324,6803,5884,20.12
200046258040,202,229,regular unleaded,4,natrually aspirated,1372,6371,6283,16.99
200054908040,212,259,regular unleaded,4,natrually aspirated,1430,7177,5834,16.81
200060227061,229,263,regular unleaded,6,single turbo,1455,6422,5902,19.62
200051302040,227,226,regular unleaded,4,natrually aspirated,1516,7407,7158,16.54
200057551061,247,233,regular unleaded,6,single turbo,1551,7168,7168,19.28
200068226061,249,274,regular unleaded,6,single turbo,1561,7081,6151,19.24
200090042061,258,349,regular unleaded,6,single turbo,1608,6408,5024,19.07
200102213061,277,369,regular unleaded,6,single turbo,1705,6454,5091,18.73
200077816061,284,274,regular unleaded,6,single turbo,1741,7849,7026,18.62
200095708040,284,337,regular unleaded,4,natrually aspirated,1828,6663,6002,15.64
200110467081,301,367,regular unleaded,8,single turbo,1825,6674,5563,17.94
200111265040,289,385,regular unleaded,4,natrually aspirated,1854,6370,5345,15.57
200087672081,312,281,regular unleaded,8,single turbo,1878,7593,7516,17.77
200112840040,310,364,regular unleaded,4,natrually aspirated,1962,7394,6072,15.27
200130152050,319,408,regular unleaded,5,natrually aspirated,2008,6423,5566,14.99
200108498081,338,321,regular unleaded,8,single turbo,2002,7135,7134,17.38
200158594081,358,443,regular unleaded,8,single turbo,2094,6837,5483,17.1
200124184081,361,344,regular unleaded,8,single turbo,2108,7366,7112,17.05
200146727050,357,411,regular unleaded,5,natrually aspirated,2194,6227,6181,14.52
200156156050,364,429,regular unleaded,5,natrually aspirated,2228,6078,6045,14.43
200185752082,428,434,regular unleaded,8,bi-turbo,2291,7283,6389,16.44
200191444081,418,458,regular unleaded,8,single turbo,2358,6551,6186,16.32
200197074081,422,467,regular unleaded,8,single turbo,2375,6324,6135,16.27
200192210050,430,447,regular unleaded,5,natrually aspirated,2529,7287,6847,13.71
200234156082,474,494,regular unleaded,8,bi-turbo,2471,7076,6215,15.92
200242811081,459,529,regular unleaded,8,single turbo,2528,6677,5877,15.85
200202176082,486,416,regular unleaded,8,bi-turbo,2516,7561,7559,15.79
200263302082,494,533,regular unleaded,8,bi-turbo,2546,7304,5993,15.71
200224196081,476,471,regular unleaded,8,single turbo,2596,7520,6853,15.67
200231800081,488,475,regular unleaded,8,single turbo,2644,7315,6969,15.54
200228872050,469,488,regular unleaded,5,natrually aspirated,2697,6917,6849,13.33
200265720082,520,511,regular unleaded,8,bi-turbo,2641,7426,6591,15.45
200227758082,526,433,regular unleaded,8,bi-turbo,2662,7919,7854,15.4
200244320101,509,480,regular unleaded,10,single turbo,2725,7812,7192,14.99
200288610060,490,589,regular unleaded,6,natrually aspirated,2784,6097,5920,13
200303924101,516,589,regular unleaded,10,single turbo,2752,7355,5933,14.93
200343128060,493,696,regular unleaded,6,natrually aspirated,2796,6127,5042,12.98
200250080101,521,480,regular unleaded,10,single turbo,2770,7431,7365,14.88
200263048101,524,502,regular unleaded,10,single turbo,2782,7240,7082,14.85
200324105101,527,615,regular unleaded,10,single turbo,2793,7047,5808,14.82
200342555082,557,615,regular unleaded,8,bi-turbo,2772,7160,5859,15.11
200322818060,519,622,regular unleaded,6,natrually aspirated,2901,7236,5939,12.75
200297609102,587,507,regular unleaded,10,bi-turbo,2874,7992,7505,14.51
200326455060,545,599,regular unleaded,6,natrually aspirated,3003,6735,6482,12.54
200416879101,593,703,regular unleaded,10,single turbo,3031,6316,5720,14.24
200340572101,606,562,regular unleaded,10,single turbo,3076,7783,7317,14.13
200354560102,640,554,regular unleaded,10,bi-turbo,3046,8076,7482,14.09
200421838102,646,653,regular unleaded,10,bi-turbo,3065,6791,6399,14.05
200420885060,597,705,regular unleaded,6,natrually aspirated,3198,6692,6034,12.15
200429756060,607,708,regular unleaded,6,natrually aspirated,3234,6134,6107,12.08
200481815101,645,747,regular unleaded,10,single turbo,3208,6817,5850,13.83
200499239101,663,753,regular unleaded,10,single turbo,3267,6821,5965,13.7
200502200101,675,744,regular unleaded,10,single turbo,3305,6757,6154,13.61
200551889101,689,801,regular unleaded,10,single turbo,3350,6460,5834,13.51
200503180102,724,695,regular unleaded,10,bi-turbo,3301,7458,6740,13.49
200448158080,661,678,regular unleaded,8,natrually aspirated,3423,7178,6947,11.48
200507194102,734,691,regular unleaded,10,bi-turbo,3330,7220,6874,13.43
200522368101,704,742,regular unleaded,10,single turbo,3397,7196,6433,13.41
200554210101,706,785,regular unleaded,10,single turbo,3403,7092,6098,13.39
200486266101,713,682,regular unleaded,10,single turbo,3424,7123,7085,13.34
200489652102,751,652,regular unleaded,10,bi-turbo,3378,7942,7465,13.32
200659448102,774,852,regular unleaded,10,bi-turbo,3442,6762,5881,13.17
200595056102,784,759,regular unleaded,10,bi-turbo,3470,7997,6687,13.11
200668288080,736,908,regular unleaded,8,natrually aspirated,3669,6608,5769,11.04
200710940121,820,867,regular unleaded,12,single turbo,3737,6537,6416,12.4
200777487121,821,947,regular unleaded,12,single turbo,3739,6832,5881,12.4
200754964121,826,914,regular unleaded,12,single turbo,3753,7057,6129,12.37
200636006080,797,798,regular unleaded,8,natrually aspirated,3856,7352,7110,10.72
200689458121,847,814,regular unleaded,12,single turbo,3810,7788,7061,12.25
200828140103,940,881,regular unleaded,10,twin turbo,3699,8058,6601,12.48
200863788103,943,916,regular unleaded,10,twin turbo,3705,7051,6376,12.46
200769029121,867,887,regular unleaded,12,single turbo,3864,7420,6630,12.15
200919680123,960,958,regular unleaded,12,twin turbo,3743,7041,6204,12.1
200838935122,927,905,regular unleaded,12,bi-turbo,3836,6669,6630,12.06
200809970122,931,870,regular unleaded,12,bi-turbo,3845,8022,6925,12.04
200796665080,865,921,regular unleaded,8,natrually aspirated,4052,6965,6686,10.41
200933793123,1003,931,regular unleaded,12,twin turbo,3837,8110,6673,11.91
200925188122,978,946,regular unleaded,12,bi-turbo,3955,7383,6689,11.83
201006506122,981,1026,regular unleaded,12,bi-turbo,3962,7313,6190,11.81
200847841121,941,901,regular unleaded,12,single turbo,4053,7729,7080,11.79
200835371100,909,919,regular unleaded,10,natrually aspirated,4172,7371,7047,10
200870012122,1014,858,regular unleaded,12,bi-turbo,4036,7783,7653,11.67
200872625121,975,895,regular unleaded,12,single turbo,4136,7703,7391,11.63
201002182123,1073,934,regular unleaded,12,twin turbo,3982,7487,7110,11.62
201064630100,938,1135,regular unleaded,10,natrually aspirated,4248,6819,5885,9.88
200991814100,941,1054,regular unleaded,10,natrually aspirated,4256,7334,6357,9.87
201241408100,952,1304,regular unleaded,10,natrually aspirated,4284,6247,5198,9.83
201164670123,1105,1054,regular unleaded,12,twin turbo,4046,7798,6490,11.49
201092914122,1058,1033,regular unleaded,12,bi-turbo,4132,7088,6631,11.49
201079057123,1109,973,regular unleaded,12,twin turbo,4054,7912,7056,11.48
201455156100,974,1494,regular unleaded,10,natrually aspirated,4340,6077,4641,9.74
201148510100,985,1166,regular unleaded,10,natrually aspirated,4368,6355,6016,9.7
201475802100,1006,1467,regular unleaded,10,natrually aspirated,4420,6324,4884,9.63
201108960123,1160,956,regular unleaded,12,twin turbo,4151,7873,7514,11.29
201300244100,1019,1276,regular unleaded,10,natrually aspirated,4452,6680,5685,9.58
201189888100,1024,1162,regular unleaded,10,natrually aspirated,4464,7131,6276,9.56
201243694100,1046,1189,regular unleaded,10,natrually aspirated,4516,6359,6267,9.49
201061170123,1210,877,regular unleaded,12,twin turbo,4243,8597,8546,11.11
201276383100,1061,1203,regular unleaded,10,natrually aspirated,4552,7393,6278,9.44
201464580161,1118,1310,regular unleaded,16,single turbo,4459,6557,5791,10.56
201240896161,1124,1104,regular unleaded,16,single turbo,4471,7277,6900,10.54
201287078161,1131,1138,regular unleaded,16,single turbo,4486,7698,6741,10.51
201435123122,1189,1207,regular unleaded,12,bi-turbo,4396,6821,6375,11
201573680123,1245,1264,regular unleaded,12,twin turbo,4305,7327,6103,10.99
201427712123,1248,1144,regular unleaded,12,twin turbo,4310,7618,6756,10.99
201604157100,1101,1457,regular unleaded,10,natrually aspirated,4644,6073,5380,9.31
201501820122,1220,1231,regular unleaded,12,bi-turbo,4454,6691,6413,10.9
201620966100,1121,1446,regular unleaded,10,natrually aspirated,4688,6645,5520,9.25
201358370123,1290,1053,regular unleaded,12,twin turbo,4382,7906,7587,10.85
201444300123,1313,1100,regular unleaded,12,twin turbo,4420,8580,7390,10.78
201557270123,1331,1170,regular unleaded,12,twin turbo,4450,8405,7044,10.73
201542133162,1297,1189,regular unleaded,16,bi-turbo,4593,8195,7059,10.17
201463973162,1299,1127,regular unleaded,16,bi-turbo,4597,7670,7463,10.16
201752517120,1193,1469,regular unleaded,12,natrually aspirated,4844,6461,5781,8.84
201635162163,1394,1173,regular unleaded,16,twin turbo,4550,8426,7357,10.07
201784284120,1228,1453,regular unleaded,12,natrually aspirated,4916,6259,6017,8.74
201981935162,1385,1431,regular unleaded,16,bi-turbo,4742,6757,6266,9.93
201952896162,1387,1408,regular unleaded,16,bi-turbo,4746,6662,6376,9.92
201788160120,1270,1408,regular unleaded,12,natrually aspirated,5000,6888,6422,8.64
201774288120,1282,1384,regular unleaded,12,natrually aspirated,5024,6753,6595,8.61
201831480163,1477,1240,regular unleaded,16,twin turbo,4675,7736,7376,9.86
202017392161,1378,1464,regular unleaded,16,single turbo,4956,6954,6383,9.78
201885048161,1382,1364,regular unleaded,16,single turbo,4963,7126,6870,9.77
202272466163,1517,1498,regular unleaded,16,twin turbo,4733,7017,6270,9.76
202187324161,1413,1548,regular unleaded,16,single turbo,5016,6947,6192,9.69
201914300161,1418,1350,regular unleaded,16,single turbo,5024,7868,7120,9.68
202226063162,1493,1491,regular unleaded,16,bi-turbo,4912,6798,6480,9.66
202526186160,1398,1807,regular unleaded,16,natrually aspirated,5240,6185,5510,7.96
202296090161,1490,1541,regular unleaded,16,single turbo,5141,6872,6557,9.5
202088607163,1633,1279,regular unleaded,16,twin turbo,4891,7979,7903,9.5
202739021163,1657,1653,regular unleaded,16,twin turbo,4923,7469,6207,9.45
202281580161,1516,1505,regular unleaded,16,single turbo,5182,6969,6834,9.44
202318778163,1673,1386,regular unleaded,16,twin turbo,4943,8426,7475,9.42
202538398161,1531,1658,regular unleaded,16,single turbo,5206,6780,6260,9.41
202815648163,1684,1672,regular unleaded,16,twin turbo,4957,7579,6236,9.4
202374617161,1549,1533,regular unleaded,16,single turbo,5233,7217,6853,9.37
202765056164,1792,1543,regular unleaded,16,quad turbo,4877,7282,6889,9.33
203182288162,1648,1931,regular unleaded,16,bi-turbo,5134,6841,5525,9.32
203022320164,1799,1680,regular unleaded,16,quad turbo,4885,7627,6354,9.32
300002958030,51,58,premium unleaded (required),3,natrually aspirated,386,6870,6218,21.44
300003795030,55,69,premium unleaded (required),3,natrually aspirated,415,6278,5716,21.31
300004260030,60,71,premium unleaded (required),3,natrually aspirated,451,6234,5992,21.15
300004270030,61,70,premium unleaded (required),3,natrually aspirated,458,6557,6189,21.12
300004725030,63,75,premium unleaded (required),3,natrually aspirated,473,6262,5955,21.06
300004940030,65,76,premium unleaded (required),3,natrually aspirated,487,7212,6067,21
300005848030,68,86,premium unleaded (required),3,natrually aspirated,508,6712,5628,20.91
300013328030,98,136,premium unleaded (required),3,natrually aspirated,716,6114,5121,20.05
300013589030,107,127,premium unleaded (required),3,natrually aspirated,777,6513,5993,19.81
300017554030,134,131,premium unleaded (required),3,natrually aspirated,954,7415,7270,19.14
300022176061,154,144,premium unleaded (required),6,single turbo,1030,7409,7274,21.9
300029700030,150,198,premium unleaded (required),3,natrually aspirated,1056,6356,5383,18.77
300023520061,160,147,premium unleaded (required),6,single turbo,1066,7543,7382,21.77
300028056061,168,167,premium unleaded (required),6,single turbo,1113,7691,6802,21.56
300036800061,184,200,premium unleaded (required),6,single turbo,1205,6806,6244,21.19
300034144061,194,176,premium unleaded (required),6,single turbo,1262,7605,7472,20.95
300048380061,205,236,premium unleaded (required),6,single turbo,1324,6910,5894,20.72
300047216061,208,227,premium unleaded (required),6,single turbo,1340,7147,6220,20.65
300045450040,202,225,premium unleaded (required),4,natrually aspirated,1372,7346,6382,17.5
300041410040,205,202,premium unleaded (required),4,natrually aspirated,1390,7219,7212,17.44
300048204040,206,234,premium unleaded (required),4,natrually aspirated,1396,6767,6274,17.42
300047952061,222,216,premium unleaded (required),6,single turbo,1417,7678,6962,20.36
300044730040,213,210,premium unleaded (required),4,natrually aspirated,1436,7267,7211,17.29
300048548061,229,212,premium unleaded (required),6,single turbo,1455,7368,7322,20.21
300056826061,231,246,premium unleaded (required),6,single turbo,1466,6947,6359,20.17
300051504040,222,232,premium unleaded (required),4,natrually aspirated,1488,7212,6828,17.13
300053074040,223,238,premium unleaded (required),4,natrually aspirated,1494,6860,6672,17.11
300058776061,237,248,premium unleaded (required),6,single turbo,1498,7652,6502,20.04
300072822040,229,318,premium unleaded (required),4,natrually aspirated,1528,6222,5130,17.01
300060742061,242,251,premium unleaded (required),6,single turbo,1524,7123,6524,19.96
300064480061,248,260,premium unleaded (required),6,single turbo,1556,6522,6458,19.84
300067479061,249,271,premium unleaded (required),6,single turbo,1561,6366,6233,19.82
300062992061,254,248,premium unleaded (required),6,single turbo,1587,7548,6938,19.72
300090525040,255,355,premium unleaded (required),4,natrually aspirated,1672,6265,5121,16.57
300084854040,266,319,premium unleaded (required),4,natrually aspirated,1732,6359,5942,16.39
300073245061,285,257,premium unleaded (required),6,single turbo,1746,7866,7514,19.16
300095328061,288,331,premium unleaded (required),6,single turbo,1760,7245,5889,19.11
300085183081,301,283,premium unleaded (required),8,single turbo,1825,7258,7222,18.48
300143856081,333,432,premium unleaded (required),8,single turbo,1978,6518,5228,17.98
300145624081,334,436,premium unleaded (required),8,single turbo,1983,6359,5193,17.96
300108192081,336,322,premium unleaded (required),8,single turbo,1993,7473,7069,17.93
300164008050,332,494,premium unleaded (required),5,natrually aspirated,2072,6181,4786,15.27
300144900050,345,420,premium unleaded (required),5,natrually aspirated,2136,6851,5847,15.1
300178308081,381,468,premium unleaded (required),8,single turbo,2198,6825,5528,17.29
300196830050,405,486,premium unleaded (required),5,natrually aspirated,2418,6073,5940,14.39
300193160081,439,440,premium unleaded (required),8,single turbo,2446,7298,6765,16.56
300222768082,468,476,premium unleaded (required),8,bi-turbo,2448,7055,6364,16.47
300235276081,449,524,premium unleaded (required),8,single turbo,2488,6388,5811,16.43
300229871081,457,503,premium unleaded (required),8,single turbo,2520,6978,6157,16.35
300252900050,450,562,premium unleaded (required),5,natrually aspirated,2616,6317,5703,13.92
300262160050,464,565,premium unleaded (required),5,natrually aspirated,2676,6155,5852,13.78
300273694060,487,562,premium unleaded (required),6,natrually aspirated,2772,7219,6168,13.42
300306747082,567,541,premium unleaded (required),8,bi-turbo,2806,7823,6773,15.47
300320913101,543,591,premium unleaded (required),10,single turbo,2852,6336,6228,15.11
300328994060,542,607,premium unleaded (required),6,natrually aspirated,2991,7120,6355,12.94
300363384102,618,588,premium unleaded (required),10,bi-turbo,2976,7891,6805,14.69
300382080101,597,640,premium unleaded (required),10,single turbo,3045,7805,6327,14.63
300398330101,610,653,premium unleaded (required),10,single turbo,3090,6486,6331,14.52
300438381060,603,727,premium unleaded (required),6,natrually aspirated,3219,6755,5908,12.48
300477102060,607,786,premium unleaded (required),6,natrually aspirated,3234,6054,5497,12.45
300527544060,612,862,premium unleaded (required),6,natrually aspirated,3252,6442,5058,12.41
300472983101,669,707,premium unleaded (required),10,single turbo,3286,7854,6417,14.06
300591445101,695,851,premium unleaded (required),10,single turbo,3368,6306,5542,13.87
300488592101,696,702,premium unleaded (required),10,single turbo,3372,7419,6721,13.86
300556864101,704,791,premium unleaded (required),10,single turbo,3397,7033,6028,13.81
300613320102,760,807,premium unleaded (required),10,bi-turbo,3403,7124,6095,13.66
300532611121,747,713,premium unleaded (required),12,single turbo,3527,7348,7101,13.22
300520560080,720,723,premium unleaded (required),8,natrually aspirated,3618,7210,7093,11.46
300666516102,804,829,premium unleaded (required),10,bi-turbo,3524,7613,6277,13.38
300726336102,832,873,premium unleaded (required),10,bi-turbo,3598,7062,6165,13.22
300719342080,758,949,premium unleaded (required),8,natrually aspirated,3738,6170,5688,11.25
300846669080,769,1101,premium unleaded (required),8,natrually aspirated,3771,6004,4974,11.19
300741456121,813,912,premium unleaded (required),12,single turbo,3717,6327,6046,12.82
300743325121,825,901,premium unleaded (required),12,single turbo,3750,7303,6211,12.74
300651550121,830,785,premium unleaded (required),12,single turbo,3764,7464,7164,12.72
300639292122,883,724,premium unleaded (required),12,bi-turbo,3728,8163,7899,12.65
300791204122,887,892,premium unleaded (required),12,bi-turbo,3738,7168,6431,12.63
300901544103,952,947,premium unleaded (required),10,twin turbo,3726,7055,6229,12.79
300816424103,956,854,premium unleaded (required),10,twin turbo,3735,8177,6925,12.77
300965447122,931,1037,premium unleaded (required),12,bi-turbo,3845,6750,5810,12.41
300824343121,897,919,premium unleaded (required),12,single turbo,3942,6949,6616,12.36
300969748100,884,1097,premium unleaded (required),10,natrually aspirated,4104,6759,5740,10.4
300955700121,950,1006,premium unleaded (required),12,single turbo,4076,6452,6405,12.1
300858192100,912,941,premium unleaded (required),10,natrually aspirated,4180,6926,6898,10.28
300997376122,1024,974,premium unleaded (required),12,bi-turbo,4058,7704,6807,11.98
300888776123,1076,826,premium unleaded (required),12,twin turbo,3988,8289,8068,11.95
300933055122,1031,905,premium unleaded (required),12,bi-turbo,4073,8115,7372,11.95
300927048123,1083,856,premium unleaded (required),12,twin turbo,4002,8003,7835,11.92
301086426122,1062,1023,premium unleaded (required),12,bi-turbo,4140,6983,6718,11.82
300908820121,1020,891,premium unleaded (required),12,single turbo,4242,7762,7757,11.79
301007287121,1031,977,premium unleaded (required),12,single turbo,4267,7512,7159,11.74
301241870123,1130,1099,premium unleaded (required),12,twin turbo,4094,7519,6372,11.74
300990080122,1088,910,premium unleaded (required),12,bi-turbo,4195,8206,7742,11.71
301239462122,1093,1134,premium unleaded (required),12,bi-turbo,4205,6639,6240,11.69
301171652100,998,1174,premium unleaded (required),10,natrually aspirated,4400,7085,6055,9.94
301347746122,1102,1223,premium unleaded (required),12,bi-turbo,4224,6681,5833,11.65
301170246122,1122,1043,premium unleaded (required),12,bi-turbo,4264,7119,6965,11.58
301382928122,1128,1226,premium unleaded (required),12,bi-turbo,4276,7446,5951,11.56
301207340122,1139,1060,premium unleaded (required),12,bi-turbo,4298,8169,6950,11.51
301307500100,1046,1250,premium unleaded (required),10,natrually aspirated,4516,6214,5961,9.77
301463259122,1181,1239,premium unleaded (required),12,bi-turbo,4380,6744,6170,11.36
301698762161,1131,1502,premium unleaded (required),16,single turbo,4486,6350,5106,10.83
301187384161,1133,1048,premium unleaded (required),16,single turbo,4490,7668,7330,10.82
301318455123,1245,1059,premium unleaded (required),12,twin turbo,4305,7936,7285,11.32
301342368123,1264,1062,premium unleaded (required),12,twin turbo,4338,7660,7369,11.26
301545422122,1214,1273,premium unleaded (required),12,bi-turbo,4443,6830,6175,11.24
301395524162,1222,1142,premium unleaded (required),16,bi-turbo,4458,7908,6927,10.71
301718784100,1119,1536,premium unleaded (required),10,natrually aspirated,4684,6199,5188,9.53
301424544162,1254,1136,premium unleaded (required),16,bi-turbo,4517,8092,7146,10.61
301618929123,1313,1233,premium unleaded (required),12,twin turbo,4420,7726,6593,11.1
301933920162,1264,1530,premium unleaded (required),16,bi-turbo,4535,6728,5349,10.57
301421400100,1150,1236,premium unleaded (required),10,natrually aspirated,4752,6870,6623,9.44
301465230123,1326,1105,premium unleaded (required),12,twin turbo,4442,7576,7427,11.07
301416100161,1225,1156,premium unleaded (required),16,single turbo,4676,7788,7189,10.51
301841253123,1343,1371,premium unleaded (required),12,twin turbo,4469,6982,6068,11.01
301628520161,1230,1324,premium unleaded (required),16,single turbo,4686,7614,6298,10.5
301758732162,1297,1356,premium unleaded (required),16,bi-turbo,4593,6844,6190,10.47
301626951161,1241,1311,premium unleaded (required),16,single turbo,4707,7114,6418,10.46
302037277161,1243,1639,premium unleaded (required),16,single turbo,4711,6565,5144,10.46
301480218123,1363,1086,premium unleaded (required),12,twin turbo,4501,8181,7773,10.95
301780350161,1245,1430,premium unleaded (required),16,single turbo,4715,6701,5907,10.45
301883640162,1320,1427,premium unleaded (required),16,bi-turbo,4633,7174,5990,10.41
301709044163,1394,1226,premium unleaded (required),16,twin turbo,4550,7628,7037,10.37
301628795162,1345,1211,premium unleaded (required),16,bi-turbo,4676,7787,7193,10.33
301779008120,1232,1444,premium unleaded (required),12,natrually aspirated,4924,6261,6075,9
301831752120,1236,1482,premium unleaded (required),12,natrually aspirated,4932,6547,5940,8.99
301755600120,1254,1400,premium unleaded (required),12,natrually aspirated,4968,6385,6377,8.94
301796454120,1266,1419,premium unleaded (required),12,natrually aspirated,4992,6472,6351,8.91
301662636162,1396,1191,premium unleaded (required),16,bi-turbo,4760,7880,7585,10.2
301843360162,1405,1312,premium unleaded (required),16,bi-turbo,4775,7874,6931,10.17
301749978162,1409,1242,premium unleaded (required),16,bi-turbo,4781,7546,7345,10.16
301755618161,1362,1289,premium unleaded (required),16,single turbo,4928,7326,7164,10.11
301971015120,1301,1515,premium unleaded (required),12,natrually aspirated,5060,6790,6115,8.82
302060060162,1460,1411,premium unleaded (required),16,bi-turbo,4862,6745,6698,10.03
301833984163,1536,1194,premium unleaded (required),16,twin turbo,4760,8591,7969,10.01
301950709161,1427,1367,premium unleaded (required),16,single turbo,5039,7693,7080,9.94
302093800161,1450,1444,premium unleaded (required),16,single turbo,5077,7775,6812,9.88
302750088161,1452,1894,premium unleaded (required),16,single turbo,5080,6320,5200,9.88
302662475160,1405,1895,premium unleaded (required),16,natrually aspirated,5252,6371,5279,8.19
302278210161,1490,1529,premium unleaded (required),16,single turbo,5141,7461,6607,9.79
302382547163,1633,1459,premium unleaded (required),16,twin turbo,4891,8056,6931,9.79
302272785163,1641,1385,premium unleaded (required),16,twin turbo,4902,8562,7338,9.77
302418878162,1582,1529,premium unleaded (required),16,bi-turbo,5043,6768,6699,9.74
302298702163,1673,1374,premium unleaded (required),16,twin turbo,4943,8139,7539,9.7
302460645160,1485,1657,premium unleaded (required),16,natrually aspirated,5390,6994,6381,8.02
302443749160,1491,1639,premium unleaded (required),16,natrually aspirated,5400,6879,6478,8.01
302322730164,1795,1294,premium unleaded (required),16,quad turbo,4880,8426,8235,9.61
302479032160,1497,1656,premium unleaded (required),16,natrually aspirated,5410,6629,6437,8
302434047164,1799,1353,premium unleaded (required),16,quad turbo,4885,8806,7891,9.6
303250500160,1500,2167,premium unleaded (required),16,natrually aspirated,5415,6107,4930,7.99
400006540030,60,109,diesel,3,natrually aspirated,451,5420,3924,24.64
400007630030,70,109,diesel,3,natrually aspirated,522,5614,4579,24.29
400010412030,76,137,diesel,3,natrually aspirated,565,4693,3953,24.08
400009462030,83,114,diesel,3,natrually aspirated,613,5340,5174,23.85
400012212030,86,142,diesel,3,natrually aspirated,634,5510,4306,23.75
400013104030,91,144,diesel,3,natrually aspirated,669,4585,4488,23.58
400024024051,132,182,diesel,5,single turbo,897,5675,4935,26.47
400028290051,138,205,diesel,5,single turbo,933,5598,4561,26.3
400025258061,146,173,diesel,6,single turbo,982,5947,5735,25.77
400034950030,150,233,diesel,3,natrually aspirated,1056,4693,4582,21.86
400047502061,182,261,diesel,6,single turbo,1194,4805,4717,24.75
400053580061,188,285,diesel,6,single turbo,1228,5172,4465,24.58
400047040061,192,245,diesel,6,single turbo,1251,5870,5309,24.47
400053312061,196,272,diesel,6,single turbo,1273,5468,4902,24.36
400062322061,221,282,diesel,6,single turbo,1412,5745,5306,23.75
400068373040,213,321,diesel,4,natrually aspirated,1436,5167,4725,20.15
400067410040,214,315,diesel,4,natrually aspirated,1442,5491,4842,20.13
400084804040,222,382,diesel,4,natrually aspirated,1488,4755,4143,19.96
400098972040,227,436,diesel,4,natrually aspirated,1516,4529,3711,19.85
400074664040,244,306,diesel,4,natrually aspirated,1612,5919,5672,19.51
400110682061,258,429,diesel,6,single turbo,1608,5327,4088,22.88
400097137040,251,387,diesel,4,natrually aspirated,1650,5277,4619,19.38
400086940061,270,322,diesel,6,single turbo,1670,5831,5678,22.63
400092839040,263,353,diesel,4,natrually aspirated,1716,5488,5311,19.15
400109138061,277,394,diesel,6,single turbo,1705,6144,4767,22.48
400104720040,280,374,diesel,4,natrually aspirated,1806,5597,5338,18.84
400123188081,299,412,diesel,8,single turbo,1815,5699,4926,21.57
400132624081,307,432,diesel,8,single turbo,1854,5131,4810,21.43
400138180040,294,470,diesel,4,natrually aspirated,1880,5128,4451,18.6
400179800081,310,580,diesel,8,single turbo,1869,4875,3620,21.37
400183032050,334,548,diesel,5,natrually aspirated,2082,5038,4338,17.76
400154242081,369,418,diesel,8,single turbo,2144,6235,5984,20.34
400226206050,354,639,diesel,5,natrually aspirated,2180,4799,3947,17.46
400202062050,357,566,diesel,5,natrually aspirated,2194,5177,4492,17.42
400184194081,379,486,diesel,8,single turbo,2189,5402,5292,20.18
400204288081,384,532,diesel,8,single turbo,2211,5127,4898,20.09
400263638081,386,683,diesel,8,single turbo,2220,5120,3838,20.06
400212220081,393,540,diesel,8,single turbo,2251,6148,4935,19.96
400217344050,384,566,diesel,5,natrually aspirated,2322,5215,4832,17.04
400240092050,386,622,diesel,5,natrually aspirated,2331,5002,4418,17.01
400327752081,424,773,diesel,8,single turbo,2384,4829,3722,19.5
400321195081,437,735,diesel,8,single turbo,2438,5373,4029,19.32
400275352081,447,616,diesel,8,single turbo,2479,5724,4926,19.18
400301136082,472,638,diesel,8,bi-turbo,2463,5401,4791,19.13
400321728050,457,704,diesel,5,natrually aspirated,2646,5758,4622,16.13
400421317101,507,831,diesel,10,single turbo,2717,5625,4138,18.01
400366300060,495,740,diesel,6,natrually aspirated,2805,5285,4761,15.55
400403139082,547,737,diesel,8,bi-turbo,2737,6250,4800,18.24
400375840102,580,648,diesel,10,bi-turbo,2850,6118,5789,17.49
400594631102,587,1013,diesel,10,bi-turbo,2874,5133,3753,17.42
400541198101,602,899,diesel,10,single turbo,3063,5703,4539,17
400510479102,631,809,diesel,10,bi-turbo,3018,5459,5051,16.99
400552740060,580,953,diesel,6,natrually aspirated,3135,5709,4336,14.73
400497954101,614,811,diesel,10,single turbo,3104,5695,5134,16.88
400555960101,615,904,diesel,10,single turbo,3107,5716,4614,16.87
400724053060,593,1221,diesel,6,natrually aspirated,3183,4786,3458,14.62
400531648101,624,852,diesel,10,single turbo,3138,5229,4962,16.79
400543270060,597,910,diesel,6,natrually aspirated,3198,5975,4670,14.59
400675004102,667,1012,diesel,10,bi-turbo,3130,4987,4264,16.67
400554346060,618,897,diesel,6,natrually aspirated,3273,5663,4906,14.41
400824739060,653,1263,diesel,6,natrually aspirated,3396,5074,3682,14.13
400657924060,654,1006,diesel,6,natrually aspirated,3399,5960,4631,14.12
400927245102,733,1265,diesel,10,bi-turbo,3327,5071,3749,16.12
400726024080,676,1074,diesel,8,natrually aspirated,3474,5329,4481,13.66
400692398101,722,959,diesel,10,single turbo,3452,5630,5106,15.94
400672084102,762,882,diesel,10,bi-turbo,3409,6179,5592,15.9
400875134080,694,1261,diesel,8,natrually aspirated,3534,4641,3919,13.53
400957528101,744,1287,diesel,10,single turbo,3518,5053,3924,15.76
400739772121,748,989,diesel,12,single turbo,3530,6202,5124,15.39
400768610121,761,1010,diesel,12,single turbo,3568,5970,5111,15.29
400820612080,734,1118,diesel,8,natrually aspirated,3663,5714,4674,13.26
400740416080,736,1006,diesel,8,natrually aspirated,3669,5595,5208,13.25
400745878102,826,903,diesel,10,bi-turbo,3583,6310,5923,15.44
400941248080,764,1232,diesel,8,natrually aspirated,3756,4685,4416,13.07
400903150121,810,1115,diesel,12,single turbo,3709,5850,4922,14.95
400799956121,823,972,diesel,12,single turbo,3745,5809,5746,14.86
400932554121,826,1129,diesel,12,single turbo,3753,5410,4964,14.84
401134240121,834,1360,diesel,12,single turbo,3775,5236,4157,14.79
401058750121,847,1250,diesel,12,single turbo,3810,4977,4599,14.71
401071408080,808,1326,diesel,8,natrually aspirated,3888,5566,4338,12.8
400940645122,895,1051,diesel,12,bi-turbo,3758,6245,5514,14.66
401089360080,816,1335,diesel,8,natrually aspirated,3912,4737,4354,12.76
401106959122,931,1189,diesel,12,bi-turbo,3845,6151,5066,14.45
401037762122,946,1097,diesel,12,bi-turbo,3881,6137,5582,14.37
401029649123,991,1039,diesel,12,twin turbo,3811,6107,5905,14.36
401218785080,865,1409,diesel,8,natrually aspirated,4052,5585,4371,12.49
400929175122,953,975,diesel,12,bi-turbo,3897,6582,6325,14.33
401412130121,914,1545,diesel,12,single turbo,3986,5117,4009,14.3
401282376123,1021,1256,diesel,12,twin turbo,3875,5676,5033,14.2
401226016123,1032,1188,diesel,12,twin turbo,3898,5925,5376,14.15
401235088121,953,1296,diesel,12,single turbo,4083,5838,4990,14.08
401365843100,921,1483,diesel,10,natrually aspirated,4204,5762,4423,11.94
401417176121,972,1458,diesel,12,single turbo,4129,5301,4521,13.98
401854720121,1008,1840,diesel,12,single turbo,4214,4752,3716,13.79
401608142100,977,1646,diesel,10,natrually aspirated,4348,5081,4227,11.68
401252719122,1079,1161,diesel,12,bi-turbo,4176,6410,6018,13.68
401528614121,1042,1467,diesel,12,single turbo,4292,5131,4816,13.63
401561780123,1145,1364,diesel,12,twin turbo,4123,5275,5198,13.61
401879234100,998,1883,diesel,10,natrually aspirated,4400,4971,3774,11.59
401399482123,1149,1218,diesel,12,twin turbo,4130,5845,5839,13.59
401379704122,1102,1252,diesel,12,bi-turbo,4224,6234,5698,13.58
401455840100,1011,1440,diesel,10,natrually aspirated,4432,5967,5001,11.53
401380736121,1072,1288,diesel,12,single turbo,4359,6238,5644,13.48
401844224100,1024,1801,diesel,10,natrually aspirated,4464,4631,4049,11.48
401558531123,1187,1313,diesel,12,twin turbo,4201,5960,5598,13.43
402289152161,1088,2104,diesel,16,single turbo,4394,4958,3507,12.8
401733429123,1193,1453,diesel,12,twin turbo,4212,6259,5083,13.41
401522730161,1090,1397,diesel,16,single turbo,4399,6113,5289,12.79
401559711161,1093,1427,diesel,16,single turbo,4405,6173,5195,12.78
401421928100,1044,1362,diesel,10,natrually aspirated,4512,5859,5460,11.39
402071818123,1218,1701,diesel,12,twin turbo,4257,5742,4434,13.3
402040759100,1117,1827,diesel,10,natrually aspirated,4680,5117,4353,11.11
402500659161,1179,2121,diesel,16,single turbo,4585,5080,3771,12.42
401834504123,1316,1394,diesel,12,twin turbo,4425,6427,5843,12.93
401924402161,1202,1601,diesel,16,single turbo,4631,5129,5094,12.33
402157264162,1266,1704,diesel,16,bi-turbo,4538,6150,4810,12.31
402136213123,1341,1593,diesel,12,twin turbo,4466,5494,5213,12.84
402257578162,1293,1746,diesel,16,bi-turbo,4586,5851,4793,12.22
402025380162,1295,1564,diesel,16,bi-turbo,4590,5426,5360,12.21
402339249120,1199,1951,diesel,12,natrually aspirated,4856,5765,4377,10.59
402005080162,1320,1519,diesel,16,bi-turbo,4633,5632,5625,12.12
402127244163,1394,1526,diesel,16,twin turbo,4550,6886,5656,12.08
403046134161,1274,2391,diesel,16,single turbo,4769,4853,3613,12.08
402228412163,1398,1594,diesel,16,twin turbo,4556,6448,5431,12.07
402017440163,1401,1440,diesel,16,twin turbo,4561,6874,6022,12.06
403381696120,1236,2736,diesel,12,natrually aspirated,4932,4668,3217,10.47
402813928120,1244,2262,diesel,12,natrually aspirated,4948,5163,3916,10.44
402742446120,1246,2201,diesel,12,natrually aspirated,4952,5103,4031,10.44
402545920120,1248,2040,diesel,12,natrually aspirated,4956,4608,4357,10.43
403173400162,1476,2150,diesel,16,bi-turbo,4886,5031,4445,11.64
402846928163,1554,1832,diesel,16,twin turbo,4785,5372,5250,11.61
402640300120,1354,1950,diesel,12,natrually aspirated,5160,5845,4944,10.13
402773943163,1577,1759,diesel,16,twin turbo,4817,6011,5550,11.55
402602750161,1450,1795,diesel,16,single turbo,5077,6054,5479,11.52
403332340161,1452,2295,diesel,16,single turbo,5080,5321,4292,11.51
403411084161,1454,2346,diesel,16,single turbo,5084,4990,4204,11.5
404235898160,1387,3054,diesel,16,natrually aspirated,5220,4659,3234,9.58
403200680163,1610,1988,diesel,16,twin turbo,4861,6384,5014,11.46
402922877161,1471,1987,diesel,16,single turbo,5111,6109,5020,11.46
403818016161,1473,2592,diesel,16,single turbo,5114,5147,3854,11.45
403117912160,1407,2216,diesel,16,natrually aspirated,5256,5102,4521,9.53
403265262163,1631,2002,diesel,16,twin turbo,4889,5841,5044,11.41
404195620160,1430,2934,diesel,16,natrually aspirated,5296,4573,3470,9.48
402660060162,1574,1690,diesel,16,bi-turbo,5031,6486,6030,11.37
403444084163,1659,2076,diesel,16,twin turbo,4925,5329,4949,11.34
402847048161,1516,1878,diesel,16,single turbo,5182,5637,5474,11.33
403622945160,1465,2473,diesel,16,natrually aspirated,5356,5334,4218,9.39
403886248161,1544,2517,diesel,16,single turbo,5226,5464,4159,11.26
404221540163,1692,2495,diesel,16,twin turbo,4967,5530,4198,11.26
403641400163,1700,2142,diesel,16,twin turbo,4977,5946,4913,11.24
500002650030,50,53,flex-fuel (premium unleaded recommended/E85),3,natrually aspirated,379,7112,6675,22.51
500004224030,66,64,flex-fuel (premium unleaded recommended/E85),3,natrually aspirated,494,7466,7364,21.99
500006384030,76,84,flex-fuel (premium unleaded recommended/E85),3,natrually aspirated,565,7414,6474,21.67
500007857030,81,97,flex-fuel (premium unleaded recommended/E85),3,natrually aspirated,600,6171,5916,21.52
500012126030,94,129,flex-fuel (premium unleaded recommended/E85),3,natrually aspirated,689,6450,5190,21.14
500013563030,99,137,flex-fuel (premium unleaded recommended/E85),3,natrually aspirated,723,6045,5138,21
500013635030,101,135,flex-fuel (premium unleaded recommended/E85),3,natrually aspirated,737,6415,5315,20.94
500015876051,126,126,flex-fuel (premium unleaded recommended/E85),5,single turbo,860,6787,6756,24.01
500017688051,132,134,flex-fuel (premium unleaded recommended/E85),5,single turbo,897,7630,6682,23.82
500018768030,138,136,flex-fuel (premium unleaded recommended/E85),3,natrually aspirated,980,7325,7200,19.97
500021608061,146,148,flex-fuel (premium unleaded recommended/E85),6,single turbo,982,6692,6675,23.19
500026796061,154,174,flex-fuel (premium unleaded recommended/E85),6,single turbo,1030,6679,6000,22.97
500026163061,171,153,flex-fuel (premium unleaded recommended/E85),6,single turbo,1130,7695,7610,22.53
500034112030,164,208,flex-fuel (premium unleaded recommended/E85),3,natrually aspirated,1144,7051,5611,19.35
500036582061,182,201,flex-fuel (premium unleaded recommended/E85),6,single turbo,1194,6931,6119,22.27
500044132061,187,236,flex-fuel (premium unleaded recommended/E85),6,single turbo,1222,6570,5367,22.14
500043800061,200,219,flex-fuel (premium unleaded recommended/E85),6,single turbo,1296,7167,6180,21.85
500069255040,243,285,flex-fuel (premium unleaded recommended/E85),4,natrually aspirated,1606,7402,6066,17.58
500076665061,285,269,flex-fuel (premium unleaded recommended/E85),6,single turbo,1746,7449,7183,20.1
500121604040,301,404,flex-fuel (premium unleaded recommended/E85),4,natrually aspirated,1916,6293,5299,16.63
500119140081,322,370,flex-fuel (premium unleaded recommended/E85),8,single turbo,1926,6987,5904,19.02
500107146081,338,317,flex-fuel (premium unleaded recommended/E85),8,single turbo,2002,7619,7226,18.77
500150304050,352,427,flex-fuel (premium unleaded recommended/E85),5,natrually aspirated,2170,6505,5869,15.74
500179088050,364,492,flex-fuel (premium unleaded recommended/E85),5,natrually aspirated,2228,6119,5267,15.59
500165594081,386,429,flex-fuel (premium unleaded recommended/E85),8,single turbo,2220,6437,6107,18.05
500191919050,399,481,flex-fuel (premium unleaded recommended/E85),5,natrually aspirated,2391,6963,5903,15.16
500208921050,401,521,flex-fuel (premium unleaded recommended/E85),5,natrually aspirated,2400,6227,5484,15.13
500219018081,422,519,flex-fuel (premium unleaded recommended/E85),8,single turbo,2375,6438,5511,17.57
500175938081,426,413,flex-fuel (premium unleaded recommended/E85),8,single turbo,2392,7080,7000,17.52
500213089050,409,521,flex-fuel (premium unleaded recommended/E85),5,natrually aspirated,2436,6847,5594,15.04
500263231081,461,571,flex-fuel (premium unleaded recommended/E85),8,single turbo,2536,6676,5474,17.09
500239904081,476,504,flex-fuel (premium unleaded recommended/E85),8,single turbo,2596,6841,6397,16.92
500254500082,509,500,flex-fuel (premium unleaded recommended/E85),8,bi-turbo,2601,7007,6592,16.8
500233120101,496,470,flex-fuel (premium unleaded recommended/E85),10,single turbo,2675,7775,7144,16.33
500272468082,526,518,flex-fuel (premium unleaded recommended/E85),8,bi-turbo,2662,7413,6574,16.63
500295120082,560,527,flex-fuel (premium unleaded recommended/E85),8,bi-turbo,2782,7797,6876,16.28
500366771101,537,683,flex-fuel (premium unleaded recommended/E85),10,single turbo,2830,6727,5328,15.91
500310596101,543,572,flex-fuel (premium unleaded recommended/E85),10,single turbo,2852,6753,6441,15.85
500365922060,522,701,flex-fuel (premium unleaded recommended/E85),6,natrually aspirated,2913,6397,5300,13.75
500325440102,576,565,flex-fuel (premium unleaded recommended/E85),10,bi-turbo,2837,7560,6609,15.78
500374808101,552,679,flex-fuel (premium unleaded recommended/E85),10,single turbo,2885,6342,5514,15.75
500365848060,556,658,flex-fuel (premium unleaded recommended/E85),6,natrually aspirated,3045,7171,6018,13.45
500375840060,580,648,flex-fuel (premium unleaded recommended/E85),6,natrually aspirated,3135,6398,6372,13.26
500401280102,640,627,flex-fuel (premium unleaded recommended/E85),10,bi-turbo,3046,7356,6612,15.22
500552034060,602,917,flex-fuel (premium unleaded recommended/E85),6,natrually aspirated,3216,6018,4675,13.09
500545920060,640,853,flex-fuel (premium unleaded recommended/E85),6,natrually aspirated,3351,6678,5345,12.81
500524628102,708,741,flex-fuel (premium unleaded recommended/E85),10,bi-turbo,3254,7654,6188,14.69
500504116060,653,772,flex-fuel (premium unleaded recommended/E85),6,natrually aspirated,3396,6173,6023,12.72
500522546060,654,799,flex-fuel (premium unleaded recommended/E85),6,natrually aspirated,3399,6379,5829,12.71
500507469102,743,683,flex-fuel (premium unleaded recommended/E85),10,bi-turbo,3355,7103,7042,14.44
500635026080,677,938,flex-fuel (premium unleaded recommended/E85),8,natrually aspirated,3477,6002,5141,12.29
500558960080,685,816,flex-fuel (premium unleaded recommended/E85),8,natrually aspirated,3504,6713,5975,12.24
500646212080,686,942,flex-fuel (premium unleaded recommended/E85),8,natrually aspirated,3507,6355,5184,12.23
500513189080,687,747,flex-fuel (premium unleaded recommended/E85),8,natrually aspirated,3510,7281,6552,12.22
500540310102,761,710,flex-fuel (premium unleaded recommended/E85),10,bi-turbo,3406,7655,6938,14.31
500582552080,696,837,flex-fuel (premium unleaded recommended/E85),8,natrually aspirated,3540,6099,5921,12.17
500569584101,734,776,flex-fuel (premium unleaded recommended/E85),10,single turbo,3488,6594,6418,14.26
500481515080,705,683,flex-fuel (premium unleaded recommended/E85),8,natrually aspirated,3570,7426,7347,12.11
500602842102,787,766,flex-fuel (premium unleaded recommended/E85),10,bi-turbo,3478,7380,6643,14.15
500591632080,718,824,flex-fuel (premium unleaded recommended/E85),8,natrually aspirated,3612,6350,6205,12.03
500578076102,804,719,flex-fuel (premium unleaded recommended/E85),10,bi-turbo,3524,7303,7242,14.03
500674856102,824,819,flex-fuel (premium unleaded recommended/E85),10,bi-turbo,3577,7594,6513,13.91
500618674102,826,749,flex-fuel (premium unleaded recommended/E85),10,bi-turbo,3583,7627,7140,13.9
500722744080,764,946,flex-fuel (premium unleaded recommended/E85),8,natrually aspirated,3756,6864,5752,11.76
500609872121,811,752,flex-fuel (premium unleaded recommended/E85),12,single turbo,3712,7492,7306,13.45
500775720121,820,946,flex-fuel (premium unleaded recommended/E85),12,single turbo,3737,7264,5880,13.39
500687237121,831,827,flex-fuel (premium unleaded recommended/E85),12,single turbo,3767,7120,6807,13.33
500738512080,808,914,flex-fuel (premium unleaded recommended/E85),8,natrually aspirated,3888,6693,6292,11.52
500765264121,856,894,flex-fuel (premium unleaded recommended/E85),12,single turbo,3835,6839,6488,13.19
500736200122,900,818,flex-fuel (premium unleaded recommended/E85),12,bi-turbo,3770,8004,7125,13.17
500849680121,860,988,flex-fuel (premium unleaded recommended/E85),12,single turbo,3845,6692,5901,13.16
500812979122,927,877,flex-fuel (premium unleaded recommended/E85),12,bi-turbo,3836,6967,6842,13.03
500907300080,844,1075,flex-fuel (premium unleaded recommended/E85),8,natrually aspirated,3992,6543,5590,11.34
501061760122,960,1106,flex-fuel (premium unleaded recommended/E85),12,bi-turbo,3914,7053,5622,12.86
500895096080,881,1016,flex-fuel (premium unleaded recommended/E85),8,natrually aspirated,4096,7220,6177,11.16
501091625123,1025,1065,flex-fuel (premium unleaded recommended/E85),12,twin turbo,3884,7224,5958,12.76
500939118121,941,998,flex-fuel (premium unleaded recommended/E85),12,single turbo,4053,7697,6392,12.73
501008838122,991,1018,flex-fuel (premium unleaded recommended/E85),12,bi-turbo,3985,7272,6303,12.71
501080453121,957,1129,flex-fuel (premium unleaded recommended/E85),12,single turbo,4093,6786,5747,12.66
500836199122,1021,819,flex-fuel (premium unleaded recommended/E85),12,bi-turbo,4051,8198,8066,12.57
501039737123,1073,969,flex-fuel (premium unleaded recommended/E85),12,twin turbo,3982,7639,6859,12.55
501090960122,1040,1049,flex-fuel (premium unleaded recommended/E85),12,bi-turbo,4093,7692,6416,12.49
501060928123,1096,968,flex-fuel (premium unleaded recommended/E85),12,twin turbo,4028,7238,7008,12.45
501036175100,955,1085,flex-fuel (premium unleaded recommended/E85),10,natrually aspirated,4292,6771,6266,10.6
501023086122,1058,967,flex-fuel (premium unleaded recommended/E85),12,bi-turbo,4132,8179,7084,12.41
501220273100,977,1249,flex-fuel (premium unleaded recommended/E85),10,natrually aspirated,4348,6299,5568,10.51
501321944100,988,1338,flex-fuel (premium unleaded recommended/E85),10,natrually aspirated,4376,6642,5257,10.47
501228532122,1093,1124,flex-fuel (premium unleaded recommended/E85),12,bi-turbo,4205,7766,6298,12.26
501151870100,1006,1145,flex-fuel (premium unleaded recommended/E85),10,natrually aspirated,4420,6635,6254,10.4
501195936121,1064,1124,flex-fuel (premium unleaded recommended/E85),12,single turbo,4342,7153,6415,12.17
501247523121,1069,1167,flex-fuel (premium unleaded recommended/E85),12,single turbo,4353,7040,6210,12.15
501143824121,1072,1067,flex-fuel (premium unleaded recommended/E85),12,single turbo,4359,6820,6812,12.13
501221374122,1133,1078,flex-fuel (premium unleaded recommended/E85),12,bi-turbo,4286,7511,6804,12.1
501166336122,1139,1024,flex-fuel (premium unleaded recommended/E85),12,bi-turbo,4298,7905,7199,12.07
501173612100,1046,1122,flex-fuel (premium unleaded recommended/E85),10,natrually aspirated,4516,7428,6638,10.25
501365336123,1204,1134,flex-fuel (premium unleaded recommended/E85),12,twin turbo,4232,7327,6574,12.02
501265094100,1049,1206,flex-fuel (premium unleaded recommended/E85),10,natrually aspirated,4524,7143,6196,10.24
501440365100,1063,1355,flex-fuel (premium unleaded recommended/E85),10,natrually aspirated,4556,6250,5585,10.19
501281840122,1176,1090,flex-fuel (premium unleaded recommended/E85),12,bi-turbo,4371,7712,6982,11.93
501208024122,1189,1016,flex-fuel (premium unleaded recommended/E85),12,bi-turbo,4396,7640,7575,11.88
501500642100,1089,1378,flex-fuel (premium unleaded recommended/E85),10,natrually aspirated,4616,7102,5628,10.1
501373130123,1254,1095,flex-fuel (premium unleaded recommended/E85),12,twin turbo,4320,8275,7086,11.85
501725750161,1170,1475,flex-fuel (premium unleaded recommended/E85),16,single turbo,4567,6378,5379,11.21
501333698100,1117,1194,flex-fuel (premium unleaded recommended/E85),10,natrually aspirated,4680,7448,6662,10
501437870162,1230,1169,flex-fuel (premium unleaded recommended/E85),16,bi-turbo,4473,8109,6813,11.2
501401831161,1179,1189,flex-fuel (premium unleaded recommended/E85),16,single turbo,4585,7329,6725,11.18
501427090123,1295,1102,flex-fuel (premium unleaded recommended/E85),12,twin turbo,4390,7545,7273,11.7
501356549100,1139,1191,flex-fuel (premium unleaded recommended/E85),10,natrually aspirated,4728,6912,6809,9.93
501852422123,1326,1397,flex-fuel (premium unleaded recommended/E85),12,twin turbo,4442,7294,5875,11.6
501928256123,1328,1452,flex-fuel (premium unleaded recommended/E85),12,twin turbo,4445,6949,5663,11.59
501528512161,1216,1257,flex-fuel (premium unleaded recommended/E85),16,single turbo,4658,6807,6560,11.06
501585248120,1176,1348,flex-fuel (premium unleaded recommended/E85),12,natrually aspirated,4808,7252,6213,9.6
501494430162,1295,1154,flex-fuel (premium unleaded recommended/E85),16,bi-turbo,4590,7574,7265,10.99
501755450161,1245,1410,flex-fuel (premium unleaded recommended/E85),16,single turbo,4715,6592,5989,10.96
501722654162,1311,1314,flex-fuel (premium unleaded recommended/E85),16,bi-turbo,4618,7680,6458,10.94
501953744162,1313,1488,flex-fuel (premium unleaded recommended/E85),16,bi-turbo,4621,6999,5712,10.93
501401320162,1322,1060,flex-fuel (premium unleaded recommended/E85),16,bi-turbo,4637,8135,8075,10.91
501759359161,1263,1393,flex-fuel (premium unleaded recommended/E85),16,single turbo,4749,6658,6151,10.9
501637010161,1269,1290,flex-fuel (premium unleaded recommended/E85),16,single turbo,4760,7048,6672,10.88
501878660161,1278,1470,flex-fuel (premium unleaded recommended/E85),16,single turbo,4777,6505,5894,10.85
501982442120,1226,1617,flex-fuel (premium unleaded recommended/E85),12,natrually aspirated,4912,6812,5400,9.45
501921326162,1354,1419,flex-fuel (premium unleaded recommended/E85),16,bi-turbo,4691,7662,6178,10.81
501629810162,1365,1194,flex-fuel (premium unleaded recommended/E85),16,bi-turbo,4709,8209,7400,10.78
501969896120,1266,1556,flex-fuel (premium unleaded recommended/E85),12,natrually aspirated,4992,6748,5795,9.34
501837388163,1477,1244,flex-fuel (premium unleaded recommended/E85),16,twin turbo,4675,7608,7347,10.65
501790460120,1305,1372,flex-fuel (premium unleaded recommended/E85),12,natrually aspirated,5068,7187,6772,9.24
501819960161,1384,1315,flex-fuel (premium unleaded recommended/E85),16,single turbo,4966,7232,7135,10.54
502286200161,1400,1633,flex-fuel (premium unleaded recommended/E85),16,single turbo,4994,6513,5811,10.5
501867464161,1402,1332,flex-fuel (premium unleaded recommended/E85),16,single turbo,4997,7439,7135,10.49
501764928162,1472,1199,flex-fuel (premium unleaded recommended/E85),16,bi-turbo,4880,8181,7944,10.49
502039640162,1478,1380,flex-fuel (premium unleaded recommended/E85),16,bi-turbo,4890,7943,6936,10.47
502245292162,1513,1484,flex-fuel (premium unleaded recommended/E85),16,bi-turbo,4942,7776,6599,10.38
502274015162,1515,1501,flex-fuel (premium unleaded recommended/E85),16,bi-turbo,4945,7802,6532,10.38
502559179162,1517,1687,flex-fuel (premium unleaded recommended/E85),16,bi-turbo,4948,7216,5820,10.37
502274968163,1592,1429,flex-fuel (premium unleaded recommended/E85),16,twin turbo,4837,7423,6897,10.36
502709939160,1389,1951,flex-fuel (premium unleaded recommended/E85),16,natrually aspirated,5224,6352,5069,8.62
502280720161,1462,1560,flex-fuel (premium unleaded recommended/E85),16,single turbo,5097,7481,6352,10.34
502443707161,1473,1659,flex-fuel (premium unleaded recommended/E85),16,single turbo,5114,7016,6023,10.31
502030055163,1615,1257,flex-fuel (premium unleaded recommended/E85),16,twin turbo,4868,8512,7954,10.31
502378665160,1405,1693,flex-fuel (premium unleaded recommended/E85),16,natrually aspirated,5252,6297,5909,8.58
502897013160,1407,2059,flex-fuel (premium unleaded recommended/E85),16,natrually aspirated,5256,6048,4866,8.58
502248308162,1557,1444,flex-fuel (premium unleaded recommended/E85),16,bi-turbo,5007,7537,6980,10.28
501971031163,1633,1207,flex-fuel (premium unleaded recommended/E85),16,twin turbo,4891,8454,8377,10.26
502423925160,1425,1701,flex-fuel (premium unleaded recommended/E85),16,natrually aspirated,5288,6194,5965,8.54
502364277163,1643,1439,flex-fuel (premium unleaded recommended/E85),16,twin turbo,4905,8416,7072,10.24
502446632160,1446,1692,flex-fuel (premium unleaded recommended/E85),16,natrually aspirated,5324,7398,6085,8.49
502559252163,1676,1527,flex-fuel (premium unleaded recommended/E85),16,twin turbo,4947,7083,6796,10.17
502688436161,1531,1756,flex-fuel (premium unleaded recommended/E85),16,single turbo,5206,6444,5913,10.16
502762266163,1703,1622,flex-fuel (premium unleaded recommended/E85),16,twin turbo,4981,7591,6500,10.11
502227500160,1500,1485,flex-fuel (premium unleaded recommended/E85),16,natrually aspirated,5415,7277,7195,8.38
600004218030,57,74,flex-fuel (premium unleaded required/E85),3,natrually aspirated,430,6018,5497,22.9
600007462030,82,91,flex-fuel (premium unleaded required/E85),3,natrually aspirated,607,6600,6386,22.09
600008787030,87,101,flex-fuel (premium unleaded required/E85),3,natrually aspirated,641,7361,6114,21.94
600012255030,95,129,flex-fuel (premium unleaded required/E85),3,natrually aspirated,696,6344,5233,21.7
600012125030,97,125,flex-fuel (premium unleaded required/E85),3,natrually aspirated,710,6159,5513,21.64
600012800030,100,128,flex-fuel (premium unleaded required/E85),3,natrually aspirated,730,7058,5577,21.55
600014720030,115,128,flex-fuel (premium unleaded required/E85),3,natrually aspirated,830,7106,6412,21.13
600015912030,117,136,flex-fuel (premium unleaded required/E85),3,natrually aspirated,844,6956,6144,21.07
600018018051,126,143,flex-fuel (premium unleaded required/E85),5,single turbo,860,6489,5978,24.67
600018460061,142,130,flex-fuel (premium unleaded required/E85),6,single turbo,958,7436,7382,23.95
600023393030,149,157,flex-fuel (premium unleaded required/E85),3,natrually aspirated,1050,7342,6744,20.25
600025921061,161,161,flex-fuel (premium unleaded required/E85),6,single turbo,1072,7093,6783,23.43
600029484030,156,189,flex-fuel (premium unleaded required/E85),3,natrually aspirated,1094,6127,5886,20.08
600030615030,157,195,flex-fuel (premium unleaded required/E85),3,natrually aspirated,1100,6415,5746,20.06
600029700061,180,165,flex-fuel (premium unleaded required/E85),6,single turbo,1182,7400,7375,22.94
600042833061,203,211,flex-fuel (premium unleaded required/E85),6,single turbo,1313,7581,6503,22.38
600047235040,201,235,flex-fuel (premium unleaded required/E85),4,natrually aspirated,1366,7426,6094,18.88
600049275061,219,225,flex-fuel (premium unleaded required/E85),6,single turbo,1401,7295,6612,21.99
600064922040,227,286,flex-fuel (premium unleaded required/E85),4,natrually aspirated,1516,6245,5652,18.36
600071136061,247,288,flex-fuel (premium unleaded required/E85),6,single turbo,1551,7283,5810,21.4
600066464061,248,268,flex-fuel (premium unleaded required/E85),6,single turbo,1556,6575,6277,21.38
600066033061,253,261,flex-fuel (premium unleaded required/E85),6,single turbo,1582,6719,6566,21.27
600070161061,257,273,flex-fuel (premium unleaded required/E85),6,single turbo,1603,7697,6401,21.19
600080901061,267,303,flex-fuel (premium unleaded required/E85),6,single turbo,1654,7370,5963,21
600078174040,258,303,flex-fuel (premium unleaded required/E85),4,natrually aspirated,1688,6890,6072,17.8
600111000040,296,375,flex-fuel (premium unleaded required/E85),4,natrually aspirated,1890,6132,5614,17.17
600126939050,323,393,flex-fuel (premium unleaded required/E85),5,natrually aspirated,2028,6351,5850,16.59
600142756081,356,401,flex-fuel (premium unleaded required/E85),8,single turbo,2085,6361,6013,19.01
600163090050,347,470,flex-fuel (premium unleaded required/E85),5,natrually aspirated,2146,6526,5256,16.25
600135423081,369,367,flex-fuel (premium unleaded required/E85),8,single turbo,2144,7860,6804,18.82
600160004050,362,442,flex-fuel (premium unleaded required/E85),5,natrually aspirated,2218,6254,5836,16.05
600179820050,370,486,flex-fuel (premium unleaded required/E85),5,natrually aspirated,2256,6605,5418,15.94
600192780050,378,510,flex-fuel (premium unleaded required/E85),5,natrually aspirated,2294,6517,5280,15.84
600227740050,386,590,flex-fuel (premium unleaded required/E85),5,natrually aspirated,2331,6153,4662,15.74
600202350081,426,475,flex-fuel (premium unleaded required/E85),8,single turbo,2392,6561,6090,18.01
600205942050,407,506,flex-fuel (premium unleaded required/E85),5,natrually aspirated,2427,6858,5724,15.48
600217852081,428,509,flex-fuel (premium unleaded required/E85),8,single turbo,2401,6685,5708,17.98
600251535050,409,615,flex-fuel (premium unleaded required/E85),5,natrually aspirated,2436,6142,4737,15.46
600203343050,421,483,flex-fuel (premium unleaded required/E85),5,natrually aspirated,2490,7225,6204,15.32
600207792082,468,444,flex-fuel (premium unleaded required/E85),8,bi-turbo,2448,7893,6821,17.75
600199362081,447,446,flex-fuel (premium unleaded required/E85),8,single turbo,2479,7074,6795,17.74
600209952050,432,486,flex-fuel (premium unleaded required/E85),5,natrually aspirated,2538,6942,6332,15.2
600220248081,483,456,flex-fuel (premium unleaded required/E85),8,single turbo,2624,7450,7190,17.31
600243542101,494,493,flex-fuel (premium unleaded required/E85),10,single turbo,2667,7475,6783,16.81
600224294082,518,433,flex-fuel (premium unleaded required/E85),8,bi-turbo,2634,8036,7740,17.17
600300888101,504,597,flex-fuel (premium unleaded required/E85),10,single turbo,2706,6358,5722,16.7
600273776060,482,568,flex-fuel (premium unleaded required/E85),6,natrually aspirated,2751,6282,6043,14.51
600233122101,509,458,flex-fuel (premium unleaded required/E85),10,single turbo,2725,7837,7542,16.64
600281374082,538,523,flex-fuel (premium unleaded required/E85),8,bi-turbo,2705,7933,6652,16.96
600320740102,580,553,flex-fuel (premium unleaded required/E85),10,bi-turbo,2850,7828,6789,16.18
600394050101,555,710,flex-fuel (premium unleaded required/E85),10,single turbo,2896,6566,5309,16.16
600403268101,557,724,flex-fuel (premium unleaded required/E85),10,single turbo,2904,6408,5214,16.15
600335671060,553,607,flex-fuel (premium unleaded required/E85),6,natrually aspirated,3033,6584,6488,13.85
600505749102,641,789,flex-fuel (premium unleaded required/E85),10,bi-turbo,3049,6607,5260,15.63
600474165101,615,771,flex-fuel (premium unleaded required/E85),10,single turbo,3107,6558,5412,15.6
600435240101,620,702,flex-fuel (premium unleaded required/E85),10,single turbo,3124,7100,5982,15.57
600377431102,661,571,flex-fuel (premium unleaded required/E85),10,bi-turbo,3112,8226,7490,15.47
600400464060,618,648,flex-fuel (premium unleaded required/E85),6,natrually aspirated,3273,7424,6786,13.33
600470988060,623,756,flex-fuel (premium unleaded required/E85),6,natrually aspirated,3291,6312,5865,13.29
600472440060,635,744,flex-fuel (premium unleaded required/E85),6,natrually aspirated,3333,7447,6079,13.2
600559360060,640,874,flex-fuel (premium unleaded required/E85),6,natrually aspirated,3351,6118,5213,13.17
600523600101,680,770,flex-fuel (premium unleaded required/E85),10,single turbo,3321,7289,5995,15.06
600446736101,681,656,flex-fuel (premium unleaded required/E85),10,single turbo,3324,7259,7046,15.05
600532014102,717,742,flex-fuel (premium unleaded required/E85),10,bi-turbo,3280,7355,6257,15.03
600496992080,668,744,flex-fuel (premium unleaded required/E85),8,natrually aspirated,3447,6914,6397,12.69
600612560102,760,806,flex-fuel (premium unleaded required/E85),10,bi-turbo,3403,6823,6103,14.72
600634304121,748,848,flex-fuel (premium unleaded required/E85),12,single turbo,3530,6813,5976,14.24
600631188102,788,801,flex-fuel (premium unleaded required/E85),10,bi-turbo,3481,7720,6365,14.53
600731481121,779,939,flex-fuel (premium unleaded required/E85),12,single turbo,3621,6904,5628,14.03
600543576121,781,696,flex-fuel (premium unleaded required/E85),12,single turbo,3627,7695,7616,14.01
600688028102,823,836,flex-fuel (premium unleaded required/E85),10,bi-turbo,3575,7802,6373,14.3
600672973080,757,889,flex-fuel (premium unleaded required/E85),8,natrually aspirated,3735,6894,6063,12.13
600828944121,824,1006,flex-fuel (premium unleaded required/E85),12,single turbo,3748,6915,5556,13.74
600679467122,879,773,flex-fuel (premium unleaded required/E85),12,bi-turbo,3718,7674,7358,13.65
600744976103,922,808,flex-fuel (premium unleaded required/E85),10,twin turbo,3658,7495,7072,13.94
600805000080,805,1000,flex-fuel (premium unleaded required/E85),8,natrually aspirated,3880,6070,5730,11.86
600843744080,816,1034,flex-fuel (premium unleaded required/E85),8,natrually aspirated,3912,6614,5619,11.8
600667380122,908,735,flex-fuel (premium unleaded required/E85),12,bi-turbo,3790,8004,7997,13.49
600977457122,923,1059,flex-fuel (premium unleaded required/E85),12,bi-turbo,3826,7053,5644,13.41
600739552123,968,764,flex-fuel (premium unleaded required/E85),12,twin turbo,3761,8556,7851,13.39
600800112080,844,948,flex-fuel (premium unleaded required/E85),8,natrually aspirated,3992,6388,6338,11.66
600925548100,884,1047,flex-fuel (premium unleaded required/E85),10,natrually aspirated,4104,6013,6013,11.21
600815616121,944,864,flex-fuel (premium unleaded required/E85),12,single turbo,4061,7742,7412,13.07
600950304100,912,1042,flex-fuel (premium unleaded required/E85),10,natrually aspirated,4180,6813,6230,11.08
600942720121,960,982,flex-fuel (premium unleaded required/E85),12,single turbo,4100,7043,6628,12.99
601032231122,1021,1011,flex-fuel (premium unleaded required/E85),12,bi-turbo,4051,7389,6539,12.92
601020186123,1083,942,flex-fuel (premium unleaded required/E85),12,twin turbo,4002,7224,7122,12.85
601109680122,1040,1067,flex-fuel (premium unleaded required/E85),12,bi-turbo,4093,6907,6308,12.83
600883452121,996,887,flex-fuel (premium unleaded required/E85),12,single turbo,4186,7721,7617,12.81
601175328121,1008,1166,flex-fuel (premium unleaded required/E85),12,single turbo,4214,7235,5862,12.76
601217056121,1042,1168,flex-fuel (premium unleaded required/E85),12,single turbo,4292,6762,6046,12.6
601119126123,1149,974,flex-fuel (premium unleaded required/E85),12,twin turbo,4130,7435,7307,12.57
601191320123,1160,1027,flex-fuel (premium unleaded required/E85),12,twin turbo,4151,7192,6996,12.53
601265096121,1064,1189,flex-fuel (premium unleaded required/E85),12,single turbo,4342,6769,6066,12.51
601387152100,1014,1368,flex-fuel (premium unleaded required/E85),10,natrually aspirated,4440,6586,5279,10.65
601324700100,1019,1300,flex-fuel (premium unleaded required/E85),10,natrually aspirated,4452,6009,5583,10.64
601511031121,1077,1403,flex-fuel (premium unleaded required/E85),12,single turbo,4370,6613,5208,12.45
601090938100,1051,1038,flex-fuel (premium unleaded required/E85),10,natrually aspirated,4528,7407,7207,10.51
601104111122,1161,951,flex-fuel (premium unleaded required/E85),12,bi-turbo,4342,8213,7896,12.32
601512288100,1068,1416,flex-fuel (premium unleaded required/E85),10,natrually aspirated,4568,6837,5369,10.45
601316700123,1254,1050,flex-fuel (premium unleaded required/E85),12,twin turbo,4320,7711,7392,12.17
601238720123,1264,980,flex-fuel (premium unleaded required/E85),12,twin turbo,4338,8561,7982,12.14
601631337100,1103,1479,flex-fuel (premium unleaded required/E85),10,natrually aspirated,4648,6340,5311,10.33
601217530100,1117,1090,flex-fuel (premium unleaded required/E85),10,natrually aspirated,4680,7349,7296,10.28
601717080162,1230,1396,flex-fuel (premium unleaded required/E85),16,bi-turbo,4473,6961,5703,11.51
601409370123,1293,1090,flex-fuel (premium unleaded required/E85),12,twin turbo,4387,8171,7346,12.04
601455600161,1200,1213,flex-fuel (premium unleaded required/E85),16,single turbo,4627,6996,6708,11.42
601880250100,1150,1635,flex-fuel (premium unleaded required/E85),10,natrually aspirated,4752,6111,5008,10.17
601439442162,1266,1137,flex-fuel (premium unleaded required/E85),16,bi-turbo,4538,7719,7206,11.39
601645056100,1152,1428,flex-fuel (premium unleaded required/E85),10,natrually aspirated,4756,7057,5744,10.16
601870774161,1214,1541,flex-fuel (premium unleaded required/E85),16,single turbo,4655,6516,5343,11.37
601653760161,1216,1360,flex-fuel (premium unleaded required/E85),16,single turbo,4658,6687,6062,11.36
601456076100,1163,1252,flex-fuel (premium unleaded required/E85),10,natrually aspirated,4780,6653,6613,10.13
601635591161,1227,1333,flex-fuel (premium unleaded required/E85),16,single turbo,4680,6524,6246,11.32
602004464161,1232,1627,flex-fuel (premium unleaded required/E85),16,single turbo,4690,6356,5133,11.31
601417134120,1178,1203,flex-fuel (premium unleaded required/E85),12,natrually aspirated,4812,6986,6972,9.86
601814703162,1299,1397,flex-fuel (premium unleaded required/E85),16,bi-turbo,4597,7495,6021,11.28
601840665163,1385,1329,flex-fuel (premium unleaded required/E85),16,twin turbo,4536,7653,6450,11.2
601965504163,1392,1412,flex-fuel (premium unleaded required/E85),16,twin turbo,4547,7602,6102,11.18
601673764120,1228,1363,flex-fuel (premium unleaded required/E85),12,natrually aspirated,4916,6937,6417,9.71
601791960162,1370,1308,flex-fuel (premium unleaded required/E85),16,bi-turbo,4718,8103,6779,11.06
602032947162,1403,1449,flex-fuel (premium unleaded required/E85),16,bi-turbo,4772,7004,6267,10.97
601790720120,1280,1399,flex-fuel (premium unleaded required/E85),12,natrually aspirated,5020,7325,6517,9.56
602165653161,1351,1603,flex-fuel (premium unleaded required/E85),16,single turbo,4909,6894,5716,10.93
601764768163,1488,1186,flex-fuel (premium unleaded required/E85),16,twin turbo,4691,8177,7771,10.91
601997430162,1437,1390,flex-fuel (premium unleaded required/E85),16,bi-turbo,4826,7157,6689,10.87
602213568163,1512,1464,flex-fuel (premium unleaded required/E85),16,twin turbo,4726,7461,6394,10.85
601954148161,1382,1414,flex-fuel (premium unleaded required/E85),16,single turbo,4963,6739,6627,10.84
602141490120,1326,1615,flex-fuel (premium unleaded required/E85),12,natrually aspirated,5108,6938,5845,9.44
601894290161,1398,1355,flex-fuel (premium unleaded required/E85),16,single turbo,4990,7607,6994,10.8
602572128161,1404,1832,flex-fuel (premium unleaded required/E85),16,single turbo,5001,6542,5198,10.78
602044500162,1500,1363,flex-fuel (premium unleaded required/E85),16,bi-turbo,4923,7753,7125,10.7
602431854162,1503,1618,flex-fuel (premium unleaded required/E85),16,bi-turbo,4927,6844,6013,10.7
602384855161,1441,1655,flex-fuel (premium unleaded required/E85),16,single turbo,5062,6721,5903,10.68
602259060160,1380,1637,flex-fuel (premium unleaded required/E85),16,natrually aspirated,5208,6086,6002,8.88
602326400161,1454,1600,flex-fuel (premium unleaded required/E85),16,single turbo,5084,7283,6164,10.64
602042744162,1529,1336,flex-fuel (premium unleaded required/E85),16,bi-turbo,4966,7993,7407,10.63
602232545160,1405,1589,flex-fuel (premium unleaded required/E85),16,natrually aspirated,5252,7268,6297,8.82
602731848160,1414,1932,flex-fuel (premium unleaded required/E85),16,natrually aspirated,5268,6377,5212,8.8
602309031162,1557,1483,flex-fuel (premium unleaded required/E85),16,bi-turbo,5007,8173,6794,10.56
602266488161,1499,1512,flex-fuel (premium unleaded required/E85),16,single turbo,5156,7279,6726,10.52
602788171163,1643,1697,flex-fuel (premium unleaded required/E85),16,twin turbo,4905,7040,5996,10.52
602657833160,1439,1847,flex-fuel (premium unleaded required/E85),16,natrually aspirated,5312,6882,5548,8.75
602261805163,1657,1365,flex-fuel (premium unleaded required/E85),16,twin turbo,4923,7731,7516,10.49
602712540162,1590,1706,flex-fuel (premium unleaded required/E85),16,bi-turbo,5054,7149,6030,10.48
602494443163,1673,1491,flex-fuel (premium unleaded required/E85),16,twin turbo,4943,6993,6948,10.46
602455340160,1465,1676,flex-fuel (premium unleaded required/E85),16,natrually aspirated,5356,7100,6226,8.69
602501707163,1703,1469,flex-fuel (premium unleaded required/E85),16,twin turbo,4981,8342,7180,10.39
602656875162,1635,1625,flex-fuel (premium unleaded required/E85),16,bi-turbo,5117,6720,6512,10.38
602295792164,1788,1284,flex-fuel (premium unleaded required/E85),16,quad turbo,4872,8954,8265,10.37
700007350888,70,105,electric,279,187,64,8.88
700010584871,84,126,electric,279,225,64,8.71
700015862849,103,154,electric,286,269,66,8.49
700016854846,106,159,electric,286,276,66,8.46
700017496843,108,162,electric,286,282,66,8.43
700020475834,117,175,electric,290,301,67,8.34
700022326828,122,183,electric,290,314,67,8.28
700024897821,129,193,electric,293,328,68,8.21
700027270815,135,202,electric,297,339,69,8.15
700031104806,144,216,electric,297,362,69,8.06
700032856802,148,222,electric,301,367,70,8.02
700040344787,164,246,electric,304,402,71,7.87
700045850777,175,262,electric,307,425,72,7.77
700046464776,176,264,electric,311,422,73,7.76
700058806757,198,297,electric,317,466,75,7.57
700060000756,200,300,electric,317,470,75,7.56
700069230744,215,322,electric,324,495,77,7.44
700079350732,230,345,electric,327,524,78,7.32
700087846723,242,363,electric,330,547,79,7.23
700095887716,253,379,electric,333,567,80,7.16
700104544708,264,396,electric,339,581,82,7.08
700106800706,267,400,electric,339,587,82,7.06
700116622698,279,418,electric,342,608,83,6.98
700119992695,283,424,electric,342,617,83,6.95
700122694693,286,429,electric,345,618,84,6.93
700125137691,289,433,electric,345,625,84,6.91
700129654688,294,441,electric,345,635,84,6.88
700131424687,296,444,electric,347,636,85,6.87
700133952685,299,448,electric,347,643,85,6.85
700147894676,314,471,electric,350,669,86,6.76
700155526671,322,483,electric,353,680,87,6.71
700166167665,333,499,electric,356,698,88,6.65
700168170664,335,502,electric,356,702,88,6.64
700174251660,341,511,electric,358,710,89,6.6
700199655647,365,547,electric,364,748,91,6.47
700208507643,373,559,electric,364,764,91,6.43
700217551639,381,571,electric,366,776,92,6.39
700224460636,387,580,electric,366,788,92,6.36
700243412628,403,604,electric,372,808,94,6.28
700245835627,405,607,electric,372,812,94,6.27
700267126619,422,633,electric,374,841,95,6.19
700269664618,424,636,electric,374,845,95,6.18
700274776617,428,642,electric,377,847,96,6.17
700275847616,429,643,electric,377,849,96,6.16
700279936615,432,648,electric,377,854,96,6.15
700293046610,442,663,electric,377,874,96,6.1
700295704609,444,666,electric,379,874,97,6.09
700302177607,449,673,electric,379,883,97,6.07
700314646603,458,687,electric,382,894,98,6.03
700317400603,460,690,electric,382,898,98,6.03
700320166602,462,693,electric,382,902,98,6.02
700416330576,527,790,electric,391,1005,102,5.76
700429070573,535,802,electric,391,1020,102,5.73
700435512572,539,808,electric,391,1028,102,5.72
700437400571,540,810,electric,391,1030,102,5.71
700468442565,559,838,electric,393,1061,103,5.65
700499105559,577,865,electric,396,1087,104,5.59
700525104554,592,887,electric,398,1109,105,5.54
700587188543,626,938,electric,400,1167,106,5.43
700612162539,639,958,electric,402,1185,107,5.39
700631477536,649,973,electric,402,1204,107,5.36
700652740533,660,989,electric,402,1224,107,5.33
700684788528,676,1013,electric,405,1245,108,5.28
700695301527,681,1021,electric,405,1254,108,5.27
700732552522,699,1048,electric,407,1281,109,5.22
700789888515,726,1088,electric,409,1324,110,5.15
700820660512,740,1109,electric,409,1349,110,5.12
700832165510,745,1117,electric,409,1358,110,5.1
700841127509,749,1123,electric,409,1366,110,5.09
700882050505,767,1150,electric,411,1392,111,5.05
700900550503,775,1162,electric,411,1406,111,5.03
700930628500,788,1181,electric,411,1430,111,5
700935360500,790,1184,electric,411,1433,111,5
700944860499,794,1190,electric,411,1441,111,4.99
700964004497,802,1202,electric,413,1448,112,4.97
701015582492,823,1234,electric,413,1486,112,4.92
701067660488,844,1265,electric,415,1517,113,4.88
701072728487,846,1268,electric,415,1520,113,4.87
701075690487,847,1270,electric,415,1522,113,4.87
701098248485,856,1283,electric,415,1538,113,4.85
701121905483,865,1297,electric,415,1554,113,4.83
701153255481,877,1315,electric,415,1576,113,4.81
701163801480,881,1321,electric,415,1583,113,4.8
701290848471,928,1391,electric,417,1659,114,4.71
701296420471,930,1394,electric,417,1663,114,4.71
701307600470,934,1400,electric,417,1670,114,4.7
701427888462,976,1463,electric,420,1733,115,4.62
701454845461,985,1477,electric,420,1749,115,4.61
701481060459,994,1490,electric,420,1765,115,4.59
701563151455,1021,1531,electric,422,1804,116,4.55
701606320452,1035,1552,electric,422,1829,116,4.52
701608908452,1036,1553,electric,422,1831,116,4.52
701640128451,1046,1568,electric,422,1848,116,4.51
701659004450,1052,1577,electric,422,1859,116,4.5
701677988449,1058,1586,electric,422,1870,116,4.49
701690704448,1062,1592,electric,422,1877,116,4.48
701700805448,1065,1597,electric,422,1882,116,4.48
701716280447,1070,1604,electric,422,1891,116,4.47
701720026447,1071,1606,electric,422,1893,116,4.47
701735588446,1076,1613,electric,422,1901,116,4.46
701784876444,1091,1636,electric,424,1919,117,4.44
701813900442,1100,1649,electric,424,1935,117,4.42
701844267441,1109,1663,electric,424,1950,117,4.41
701893940439,1124,1685,electric,424,1977,117,4.39
701921004438,1132,1697,electric,424,1991,117,4.38
701941428437,1138,1706,electric,424,2001,117,4.37
701964820436,1145,1716,electric,424,2014,117,4.36
701975708436,1148,1721,electric,424,2019,117,4.36
701992384435,1153,1728,electric,424,2028,117,4.35
701999305435,1155,1731,electric,424,2031,117,4.35
702052180433,1170,1754,electric,424,2058,117,4.33
702055105432,1171,1755,electric,424,2059,117,4.32
702083293431,1179,1767,electric,424,2074,117,4.31
702190708427,1209,1812,electric,426,2116,118,4.27
702194940427,1210,1814,electric,426,2118,118,4.27
702224068426,1218,1826,electric,426,2132,118,4.26
702260748425,1228,1841,electric,426,2150,118,4.25
702297728424,1238,1856,electric,426,2167,118,4.24
702300823424,1239,1857,electric,426,2169,118,4.24
702320060423,1244,1865,electric,426,2178,118,4.23
702323170423,1245,1866,electric,426,2179,118,4.23
702372588421,1258,1886,electric,426,2202,118,4.21
702406033420,1267,1899,electric,426,2218,118,4.2
702413638420,1269,1902,electric,426,2221,118,4.2
702471700418,1284,1925,electric,426,2248,118,4.18
702482623418,1287,1929,electric,426,2253,118,4.18
702536950416,1301,1950,electric,428,2267,119,4.16
702580704415,1312,1967,electric,428,2286,119,4.15
702596468414,1316,1973,electric,428,2293,119,4.14
702615580414,1321,1980,electric,428,2302,119,4.14
702636088413,1326,1988,electric,428,2310,119,4.13
702663334412,1333,1998,electric,428,2322,119,4.12
702671335412,1335,2001,electric,428,2326,119,4.12
702732400411,1350,2024,electric,428,2352,119,4.11
702888428406,1388,2081,electric,428,2418,119,4.06
702908584406,1393,2088,electric,428,2427,119,4.06
702947004405,1402,2102,electric,428,2443,119,4.05
703009708403,1417,2124,electric,428,2469,119,4.03
703057348402,1428,2141,electric,428,2488,119,4.02
703112560401,1441,2160,electric,428,2511,119,4.01
703225933398,1467,2199,electric,430,2544,120,3.98
703243555398,1471,2205,electric,430,2551,120,3.98
703248704398,1472,2207,electric,430,2553,120,3.98
703266388398,1476,2213,electric,430,2560,120,3.98
703270078398,1477,2214,electric,430,2561,120,3.98
703275248397,1478,2216,electric,430,2563,120,3.97
703310808397,1486,2228,electric,430,2577,120,3.97
703328660396,1490,2234,electric,430,2584,120,3.96
703337604396,1492,2237,electric,430,2587,120,3.96
703346560396,1494,2240,electric,430,2591,120,3.96
800003276030,52,63,flex-fuel (unleaded/E85),3,natrually aspirated,393,7099,5860,22.24
800006432030,67,96,flex-fuel (unleaded/E85),3,natrually aspirated,501,6292,4980,21.75
800008383030,83,101,flex-fuel (unleaded/E85),3,natrually aspirated,613,7295,5846,21.26
800009672030,93,104,flex-fuel (unleaded/E85),3,natrually aspirated,682,6735,6358,20.97
800010058030,94,107,flex-fuel (unleaded/E85),3,natrually aspirated,689,7275,6234,20.94
800013390030,103,130,flex-fuel (unleaded/E85),3,natrually aspirated,750,6215,5648,20.69
800012168030,104,117,flex-fuel (unleaded/E85),3,natrually aspirated,757,6547,6345,20.66
800016492030,124,133,flex-fuel (unleaded/E85),3,natrually aspirated,890,6870,6663,20.13
800021930030,129,170,flex-fuel (unleaded/E85),3,natrually aspirated,922,6321,5403,20.01
800019320051,138,140,flex-fuel (unleaded/E85),5,single turbo,933,7586,6656,23.45
800022743030,133,171,flex-fuel (unleaded/E85),3,natrually aspirated,948,6007,5546,19.91
800024939061,153,163,flex-fuel (unleaded/E85),6,single turbo,1024,7310,6367,22.78
800025330030,149,170,flex-fuel (unleaded/E85),3,natrually aspirated,1050,6526,6228,19.52
800028756030,158,182,flex-fuel (unleaded/E85),3,natrually aspirated,1106,6603,6192,19.31
800031434061,169,186,flex-fuel (unleaded/E85),6,single turbo,1119,6503,6166,22.38
800029535030,165,179,flex-fuel (unleaded/E85),3,natrually aspirated,1150,6877,6564,19.15
800030576030,168,182,flex-fuel (unleaded/E85),3,natrually aspirated,1168,6689,6583,19.08
800046332061,198,234,flex-fuel (unleaded/E85),6,single turbo,1285,7049,5762,21.67
800038964061,204,191,flex-fuel (unleaded/E85),6,single turbo,1318,7781,7217,21.55
800046816061,209,224,flex-fuel (unleaded/E85),6,single turbo,1346,6832,6328,21.43
800048530061,230,211,flex-fuel (unleaded/E85),6,single turbo,1460,7499,7375,20.98
800060836040,227,268,flex-fuel (unleaded/E85),4,natrually aspirated,1516,7050,6024,17.7
800071298040,233,306,flex-fuel (unleaded/E85),4,natrually aspirated,1550,6612,5417,17.59
800078299040,247,317,flex-fuel (unleaded/E85),4,natrually aspirated,1628,6736,5541,17.35
800075067061,277,271,flex-fuel (unleaded/E85),6,single turbo,1705,7260,6938,20.04
800108731081,317,343,flex-fuel (unleaded/E85),8,single turbo,1902,7168,6272,18.93
800130790081,319,410,flex-fuel (unleaded/E85),8,single turbo,1912,6383,5278,18.9
800156284081,356,439,flex-fuel (unleaded/E85),8,single turbo,2085,6879,5498,18.32
800161680081,376,430,flex-fuel (unleaded/E85),8,single turbo,2176,7069,5929,18.03
800178667050,373,479,flex-fuel (unleaded/E85),5,natrually aspirated,2270,6936,5550,15.33
800163158082,426,383,flex-fuel (unleaded/E85),8,bi-turbo,2283,7895,7186,17.62
800156660081,420,373,flex-fuel (unleaded/E85),8,single turbo,2367,7653,7641,17.44
800183480050,417,440,flex-fuel (unleaded/E85),5,natrually aspirated,2472,7161,6741,14.81
800195139081,457,427,flex-fuel (unleaded/E85),8,single turbo,2520,7771,7260,16.99
800235796081,466,506,flex-fuel (unleaded/E85),8,single turbo,2557,7467,6249,16.87
800204848082,496,413,flex-fuel (unleaded/E85),8,bi-turbo,2553,7930,7770,16.79
800228798082,513,446,flex-fuel (unleaded/E85),8,bi-turbo,2616,7581,7444,16.61
800267330050,469,570,flex-fuel (unleaded/E85),5,natrually aspirated,2697,7164,5862,14.26
800275706060,477,578,flex-fuel (unleaded/E85),6,natrually aspirated,2730,7180,5881,14.04
800339948082,532,639,flex-fuel (unleaded/E85),8,bi-turbo,2684,6647,5393,16.41
800351588060,498,706,flex-fuel (unleaded/E85),6,natrually aspirated,2817,6491,5025,13.84
800322050082,570,565,flex-fuel (unleaded/E85),8,bi-turbo,2816,7869,6529,16.04
800349872102,591,592,flex-fuel (unleaded/E85),10,bi-turbo,2887,7427,6461,15.5
800337326060,538,627,flex-fuel (unleaded/E85),6,natrually aspirated,2976,6413,6106,13.48
800331695101,567,585,flex-fuel (unleaded/E85),10,single turbo,2940,7871,6575,15.47
800434656101,578,752,flex-fuel (unleaded/E85),10,single turbo,2979,6581,5210,15.37
800357740101,620,577,flex-fuel (unleaded/E85),10,single turbo,3124,7285,7285,15
800467376101,624,749,flex-fuel (unleaded/E85),10,single turbo,3138,6378,5650,14.97
800379260060,602,630,flex-fuel (unleaded/E85),6,natrually aspirated,3216,7064,6808,12.97
800472964101,634,746,flex-fuel (unleaded/E85),10,single turbo,3171,6693,5765,14.88
800383775101,645,595,flex-fuel (unleaded/E85),10,single turbo,3208,7369,7344,14.8
800451143101,651,693,flex-fuel (unleaded/E85),10,single turbo,3227,7353,6374,14.75
800476064102,696,684,flex-fuel (unleaded/E85),10,bi-turbo,3218,7417,6594,14.64
800483632101,668,724,flex-fuel (unleaded/E85),10,single turbo,3283,6379,6255,14.61
800531225101,675,787,flex-fuel (unleaded/E85),10,single turbo,3305,7185,5820,14.56
800488312102,716,682,flex-fuel (unleaded/E85),10,bi-turbo,3277,7072,6799,14.49
800489846060,654,749,flex-fuel (unleaded/E85),6,natrually aspirated,3399,7336,6220,12.59
800492275102,725,679,flex-fuel (unleaded/E85),10,bi-turbo,3304,7851,6913,14.43
800504900080,660,765,flex-fuel (unleaded/E85),8,natrually aspirated,3420,7201,6146,12.29
800510901101,697,733,flex-fuel (unleaded/E85),10,single turbo,3375,6454,6449,14.39
800613473080,669,917,flex-fuel (unleaded/E85),8,natrually aspirated,3450,6205,5197,12.23
800547599102,741,739,flex-fuel (unleaded/E85),10,bi-turbo,3350,6752,6492,14.32
800523998080,677,774,flex-fuel (unleaded/E85),8,natrually aspirated,3477,7045,6226,12.17
800591840080,685,864,flex-fuel (unleaded/E85),8,natrually aspirated,3504,6959,5648,12.12
800532638102,762,699,flex-fuel (unleaded/E85),10,bi-turbo,3409,7140,7064,14.17
800659908080,722,914,flex-fuel (unleaded/E85),8,natrually aspirated,3624,6655,5626,11.9
800577591121,763,757,flex-fuel (unleaded/E85),12,single turbo,3574,7176,6835,13.62
800593806080,734,809,flex-fuel (unleaded/E85),8,natrually aspirated,3663,6683,6459,11.82
800693312080,736,942,flex-fuel (unleaded/E85),8,natrually aspirated,3669,6628,5561,11.81
800660888102,822,804,flex-fuel (unleaded/E85),10,bi-turbo,3572,8019,6619,13.79
800795108080,766,1038,flex-fuel (unleaded/E85),8,natrually aspirated,3762,6042,5255,11.64
800747020121,820,911,flex-fuel (unleaded/E85),12,single turbo,3737,7057,6107,13.27
800666562121,827,806,flex-fuel (unleaded/E85),12,single turbo,3756,7824,6959,13.23
800678940121,830,818,flex-fuel (unleaded/E85),12,single turbo,3764,7084,6878,13.21
800764608121,832,919,flex-fuel (unleaded/E85),12,single turbo,3770,6960,6140,13.2
800626640121,840,746,flex-fuel (unleaded/E85),12,single turbo,3791,7806,7636,13.15
800755160080,812,930,flex-fuel (unleaded/E85),8,natrually aspirated,3900,6390,6220,11.4
800696213122,903,771,flex-fuel (unleaded/E85),12,bi-turbo,3778,8115,7587,13.03
800823000080,823,1000,flex-fuel (unleaded/E85),8,natrually aspirated,3932,7317,5859,11.34
800787788103,948,831,flex-fuel (unleaded/E85),10,twin turbo,3717,7783,7060,13.31
800815847121,867,941,flex-fuel (unleaded/E85),12,single turbo,3864,7635,6249,13
800912000123,960,950,flex-fuel (unleaded/E85),12,twin turbo,3743,7520,6256,12.95
800868352080,848,1024,flex-fuel (unleaded/E85),8,natrually aspirated,4004,6284,5897,11.22
800783298121,914,857,flex-fuel (unleaded/E85),12,single turbo,3986,7469,7230,12.75
801015854121,938,1083,flex-fuel (unleaded/E85),12,single turbo,4046,6452,5872,12.63
800991895122,985,1007,flex-fuel (unleaded/E85),12,bi-turbo,3971,7304,6326,12.62
801205531121,947,1273,flex-fuel (unleaded/E85),12,single turbo,4068,6412,5047,12.59
801007415100,915,1101,flex-fuel (unleaded/E85),10,natrually aspirated,4188,6889,5920,10.67
800885995121,979,905,flex-fuel (unleaded/E85),12,single turbo,4146,7406,7331,12.43
801159445123,1099,1055,flex-fuel (unleaded/E85),12,twin turbo,4034,6936,6451,12.32
801001130123,1105,906,flex-fuel (unleaded/E85),12,twin turbo,4046,8447,7555,12.3
800979050122,1070,915,flex-fuel (unleaded/E85),12,bi-turbo,4157,8164,7572,12.24
801233297122,1079,1143,flex-fuel (unleaded/E85),12,bi-turbo,4176,7492,6110,12.2
801010380121,1031,980,flex-fuel (unleaded/E85),12,single turbo,4267,7462,7137,12.2
801327614122,1082,1227,flex-fuel (unleaded/E85),12,bi-turbo,4182,6707,5710,12.19
801156238122,1097,1054,flex-fuel (unleaded/E85),12,bi-turbo,4213,7669,6734,12.13
801210950121,1053,1150,flex-fuel (unleaded/E85),12,single turbo,4317,6860,6210,12.1
801207068123,1164,1037,flex-fuel (unleaded/E85),12,twin turbo,4158,7427,6946,12.06
801081938100,1014,1067,flex-fuel (unleaded/E85),10,natrually aspirated,4440,7065,6768,10.27
801079022122,1117,966,flex-fuel (unleaded/E85),12,bi-turbo,4254,7949,7484,12.05
801140132100,1029,1108,flex-fuel (unleaded/E85),10,natrually aspirated,4476,7257,6612,10.21
801409970161,1093,1290,flex-fuel (unleaded/E85),16,single turbo,4405,6839,5745,11.39
801094436123,1204,909,flex-fuel (unleaded/E85),12,twin turbo,4232,8384,8202,11.91
801353792100,1056,1282,flex-fuel (unleaded/E85),10,natrually aspirated,4540,7255,5864,10.12
801483460123,1226,1210,flex-fuel (unleaded/E85),12,twin turbo,4271,7129,6275,11.83
801116024122,1176,949,flex-fuel (unleaded/E85),12,bi-turbo,4371,8103,8023,11.82
801247608161,1126,1108,flex-fuel (unleaded/E85),16,single turbo,4476,7641,6891,11.27
801214734123,1237,982,flex-fuel (unleaded/E85),12,twin turbo,4291,8128,7805,11.79
801363000161,1160,1175,flex-fuel (unleaded/E85),16,single turbo,4546,7186,6699,11.14
801372700123,1295,1060,flex-fuel (unleaded/E85),12,twin turbo,4390,8310,7567,11.6
801625094123,1318,1233,flex-fuel (unleaded/E85),12,twin turbo,4428,7869,6617,11.52
801808860161,1214,1490,flex-fuel (unleaded/E85),16,single turbo,4655,6960,5524,10.96
801520276123,1343,1132,flex-fuel (unleaded/E85),12,twin turbo,4469,7999,7344,11.44
801595466120,1174,1359,flex-fuel (unleaded/E85),12,natrually aspirated,4804,6397,6150,9.51
801657566162,1297,1278,flex-fuel (unleaded/E85),16,bi-turbo,4593,7764,6571,10.88
801873750161,1250,1499,flex-fuel (unleaded/E85),16,single turbo,4724,6303,5653,10.84
801732555120,1199,1445,flex-fuel (unleaded/E85),12,natrually aspirated,4856,7034,5908,9.44
801965420120,1220,1611,flex-fuel (unleaded/E85),12,natrually aspirated,4900,6619,5393,9.38
801864084162,1343,1388,flex-fuel (unleaded/E85),16,bi-turbo,4672,7258,6264,10.74
802217060162,1356,1635,flex-fuel (unleaded/E85),16,bi-turbo,4694,6800,5369,10.7
801813212120,1236,1467,flex-fuel (unleaded/E85),12,natrually aspirated,4932,6804,6001,9.33
802072898120,1242,1669,flex-fuel (unleaded/E85),12,natrually aspirated,4944,6218,5300,9.32
801852096162,1376,1346,flex-fuel (unleaded/E85),16,bi-turbo,4728,6998,6617,10.65
802045508120,1258,1626,flex-fuel (unleaded/E85),12,natrually aspirated,4976,6435,5508,9.27
802146590162,1403,1530,flex-fuel (unleaded/E85),16,bi-turbo,4772,7176,5935,10.57
802483154120,1278,1943,flex-fuel (unleaded/E85),12,natrually aspirated,5016,6152,4684,9.22
801976733161,1353,1461,flex-fuel (unleaded/E85),16,single turbo,4913,6851,6281,10.53
801955832161,1362,1436,flex-fuel (unleaded/E85),16,single turbo,4928,6981,6432,10.51
801869920163,1508,1240,flex-fuel (unleaded/E85),16,twin turbo,4720,7565,7527,10.47
801991690163,1510,1319,flex-fuel (unleaded/E85),16,twin turbo,4723,8233,7088,10.46
802119485163,1515,1399,flex-fuel (unleaded/E85),16,twin turbo,4730,7539,6704,10.45
802223702120,1326,1677,flex-fuel (unleaded/E85),12,natrually aspirated,5108,6525,5630,9.1
802303964161,1404,1641,flex-fuel (unleaded/E85),16,single turbo,5001,6426,5801,10.39
802050164162,1476,1389,flex-fuel (unleaded/E85),16,bi-turbo,4886,7742,6881,10.38
802009174161,1429,1406,flex-fuel (unleaded/E85),16,single turbo,5042,6915,6894,10.32
802024865161,1431,1415,flex-fuel (unleaded/E85),16,single turbo,5046,7016,6859,10.32
801876735162,1505,1247,flex-fuel (unleaded/E85),16,bi-turbo,4930,7948,7812,10.31
802198200161,1450,1516,flex-fuel (unleaded/E85),16,single turbo,5077,6983,6488,10.27
802166684161,1462,1482,flex-fuel (unleaded/E85),16,single turbo,5097,6871,6689,10.24
802235844163,1612,1387,flex-fuel (unleaded/E85),16,twin turbo,4864,7253,7198,10.22
802422116163,1641,1476,flex-fuel (unleaded/E85),16,twin turbo,4902,7550,6886,10.15
802906960160,1432,2030,flex-fuel (unleaded/E85),16,natrually aspirated,5300,6151,5023,8.44
802231097163,1649,1353,flex-fuel (unleaded/E85),16,twin turbo,4912,7572,7549,10.13
802371167163,1657,1431,flex-fuel (unleaded/E85),16,twin turbo,4923,7925,7171,10.11
802458212161,1524,1613,flex-fuel (unleaded/E85),16,single turbo,5195,6907,6406,10.09
802531085162,1605,1577,flex-fuel (unleaded/E85),16,bi-turbo,5075,7739,6588,10.07
802425952162,1613,1504,flex-fuel (unleaded/E85),16,bi-turbo,5086,7198,6943,10.05
802233545162,1615,1383,flex-fuel (unleaded/E85),16,bi-turbo,5089,8092,7560,10.05
802854404163,1692,1687,flex-fuel (unleaded/E85),16,twin turbo,4967,6987,6208,10.04
802655744160,1482,1792,flex-fuel (unleaded/E85),16,natrually aspirated,5385,6249,5888,8.34